{"results": [0.7519701308894113, -0.01867550500553754, -0.7662086089164606, -1.174882619626254, -0.8486758472992736, 1.4999999999999256, 0.06792183130435166, 0.7632445134155142, 0.8240410621410162, -0.8777490548579711, -0.147071149505751, -0.7433001497513573, -0.49124120660398574, 0.07918332213738988], "results_errors": [0.028127210470688765, 0.03556860110812805, 0.3233144938291325, 0.13022133757811744, 0.2169135228783422, 0.15383490713552816, 0.15009432435036354, 0.4073557086557818, 0.5853352354734994, 0.6589340939220554, 0.30365717442983264, 0.8249919474031896, 0.5071580542969618, 0.14577973070092182], "results_at_noise": [[0.7624527682338785, 0.7212215443866374, 0.6833122727332887, 0.6079231260357769], [0.019671062025936843, -0.015778814244044113, -0.020202826594312256, -0.022749405828187966], [-0.7061710080265077, -0.6740814018310805, -0.64649687402779, -0.48348472291288175], [-1.2326464126557972, -0.8351338132610504, -0.8447721502110923, -0.7573693945788207], [-0.4170869268679698, -0.698079176369871, -0.5462444574516113, -0.3956312774140262], [1.5568415871025896, 1.1073235377962556, 0.6661345065614832, 0.4108474538494249], [-0.004116806567981635, 0.05195174654290005, 0.06301521162619358, 0.06029087443298467], [0.8310097525462253, 0.642623933871699, 0.5420408625523627, 0.4317366186691632], [0.4598401414060674, 0.514693797617827, 0.3961617950752908, 0.16056722221470393], [-1.215161548850246, -0.5726323028100982, -0.4282705809177978, -0.2526647465430786], [-0.07053856320350822, -0.12379092129443009, -0.06782478515987535, 0.0012370018529907218], [0.24508307083536002, -0.48718879246112795, -0.4877124849120541, -0.21958992162028548], [-0.10743262757275351, -0.46945490588436933, -0.28385732608971903, -0.17027198482506542], [0.282193084552089, 0.09893583736943712, 0.05800869492402072, 0.06495057871479655]], "results_at_noise_errors": [[0.03401303724974465, 0.03132325251484232, 0.029702098315169297, 0.2195510865487532], [0.11840823407608837, 0.03833640077144003, 0.038380594352704515, 0.0381112057750365], [0.6191159004385242, 0.36455610381606074, 0.030910440004406375, 0.35464700985951525], [0.5667805954356764, 0.5231029649180563, 0.02945774169780748, 0.25965732605137193], [0.9245189353850989, 0.15876974945844824, 0.03603020587206438, 0.3330512929353149], [0.9800421447253175, 0.05041215569892671, 0.02422608425825389, 0.4679646145556388], [0.4946905353162583, 0.20491141989702805, 0.04078494300072914, 0.1798882950549374], [1.0331404497501542, 0.5474870672629985, 0.028871309697095355, 0.27622200611682873], [1.2466637986637283, 0.38172945326515906, 0.02769701288924909, 0.3606927144162104], [1.350393377945079, 0.6060265678548125, 0.034802857160083904, 0.2996657765157871], [0.49599170632559114, 0.18144841149454632, 0.042819842719563496, 0.2324429947284202], [2.169931708552892, 0.9240181917411266, 0.034762362128653634, 0.4429527316751075], [1.6958206902057942, 0.4435108862787104, 0.03422962977483589, 0.21284349187842272], [0.7114144932732317, 0.2713114497799962, 0.039836359820074795, 0.07705136937769014]], "noisyresult": [0.668994140625, -0.0017578125, -0.5884765625, -0.78583984375, -0.497314453125, 0.054833984375, 0.53837890625, 0.674169921875, 0.40927734375, -0.034814453125, -0.3798828125, -0.45224609375, -0.241162109375, 0.087548828125], "res": [0.697998046875, -0.02890625, -0.7076171875, -0.9580078125, -0.62255859375, 0.055078125, 0.661865234375, 0.84189453125, 0.50986328125, -0.08427734375, -0.566162109375, -0.6771484375, -0.380419921875, 0.078662109375]}