{"get_expectations": [0.7440229980966923, 0.7013831177787024, 0.6892446044375937, 0.6717290714312457], "get_strengths": [0, 0.5, 1, 2], "_data": {"0": 74.40229980966923, "0.5": 70.13831177787024, "1": 68.92446044375937, "2": 67.17290714312458}, "_dataStatistic": {"0": [0.8394691503043762, 0.879207334934169, 0.7152873233362731, 0.8841746080128932, 0.7922800560564969, 0.9338473388001344, 0.7649600541235143, 0.9090109734065138, 0.9015600637884276, 0.8320182406862898, 0.7575091445054281, 0.7748946002809625, 0.7326727791118075, 0.7922800560564969, 0.8916255176309794, 0.8220836945288418, 0.7376400521905316, 0.7773782368203246, 0.8146327849107554, 0.7649600541235143, 0.8618218791586346, 0.7252218694937214, 0.7599927810447902, 0.8643055156979967, 0.8692727887767209, 0.8369855137650141, 0.8891418810916173, 0.9040437003277897, 0.7003855041001007, 0.8518873330011865, 0.8841746080128932, 0.7798618733596866, 0.8494036964618243, 0.7376400521905316, 0.7897964195171349, -0.8916255176309794, 0.7873127829777727, 0.874240061855445, 0.7152873233362731, 0.9065273368671517, -0.9040437003277897, 0.8841746080128932, 0.8841746080128932, 0.7500582348873419, 0.7748946002809625, 0.7401236887298936, 0.8469200599224623, 0.7426073252692558, 0.8369855137650141, 0.710320050257549, 0.9263964291820482, 0.8394691503043762, 0.8618218791586346, 0.8146327849107554, 0.8717564253160829, 0.7500582348873419, 0.8891418810916173, 0.8369855137650141, 0.7897964195171349, 0.8345018772256521, 0.8667891522373588, 0.755025507966066, 0.8146327849107554, 0.7699273272022383, 0.7376400521905316, 0.8667891522373588, 0.8618218791586346, 0.8667891522373588, 0.8692727887767209, 0.6904509579426525, -0.8916255176309794, 0.879207334934169, 0.7053527771788248, 0.8295346041469279, 0.7177709598756351, 0.7649600541235143, -0.6879673214032904, 0.7227382329543592, 0.7426073252692558, 0.8618218791586346, 0.7599927810447902, 0.7326727791118075, 0.7376400521905316, 0.874240061855445, 0.879207334934169, 0.7575091445054281, 0.7773782368203246, 0.8692727887767209, 0.8543709695405485, 0.8121491483713934, 0.8245673310682038, 0.8990764272490656, 0.7252218694937214, 0.7525418714267039, 0.7401236887298936, 0.7301891425724454, 0.7748946002809625, 0.8419527868437382, 0.913978246485238, 0.707836413718187], "0.5": [0.6797806911180059, 0.6387201124598714, 0.7025921237058584, 0.7003109804470732, 0.7938378540572686, 0.6889052641531468, 0.7094355534822141, 0.707154410223429, 0.8029624270924096, -0.6524069720125828, 0.7185601265173551, 0.7345281293288519, 0.6980298371882879, 0.8143681433863359, 0.6638126883065092, 0.6683749748240796, 0.6957486939295027, 0.7619018484342751, 0.7413715591052078, 0.7938378540572686, 0.7276846995524963, 0.7413715591052078, 0.6524069720125828, 0.6934675506707174, 0.7094355534822141, 0.6957486939295027, 0.8189304299039064, 0.7596207051754897, -0.6227521096483746, 0.7938378540572686, 0.7139978399997846, 0.6843429776355764, 0.6638126883065092, 0.7094355534822141, 0.7778698512457718, 0.8052435703511949, 0.8166492866451212, 0.6911864074119322, 0.6592504017889387, 0.6752184046004354, 0.6911864074119322, 0.7482149888815635, 0.743652702363993, 0.7938378540572686, 0.8371795759741884, 0.7390904158464224, 0.6889052641531468, 0.7892755675396981, 0.7961189973160538, 0.6706561180828648, 0.6820618343767911, 0.7345281293288519, 0.7276846995524963, 0.6774995478592206, 0.7687452782106308, 0.6820618343767911, 0.6957486939295027, 0.8212115731626917, 0.6638126883065092, 0.7390904158464224, 0.6957486939295027, 0.725403556293711, 0.8120870001275508, 0.7755887079869865, 0.841741862491759, 0.707154410223429, 0.6410012557186565, 0.7003109804470732, 0.7869944242809129, 0.6843429776355764, 0.832617289456618, 0.7892755675396981, 0.7139978399997846, 0.6592504017889387, 0.6843429776355764, 0.654688115271368, 0.6432823989774419, 0.6843429776355764, 0.6615315450477238, 0.636438969201086, 0.8006812838336244, 0.780150994504557, 0.6774995478592206, 0.8052435703511949, 0.6318766826835155, 0.7573395619167046, 0.6820618343767911, 0.6797806911180059, 0.841741862491759, 0.7619018484342751, 0.7664641349518456, 0.7892755675396981, 0.6797806911180059, 0.6615315450477238, 0.7504961321403488, 0.7938378540572686, 0.6683749748240796, 0.7596207051754897, 0.8006812838336244, 0.8006812838336244], "1": [0.6494994296612275, 0.7479719238356718, 0.70606873482527, 0.754257402187232, 0.6138817190023861, 0.7102590537263102, 0.6411187918591472, 0.6034059217497856, 0.6725461836169485, 0.6243575162549865, 0.6390236324086271, 0.752162242736712, 0.6159768784529062, 0.6369284729581071, 0.754257402187232, 0.6034059217497856, 0.6222623568044664, 0.6138817190023861, 0.6453091107601874, 0.7458767643851516, 0.6243575162549865, 0.7249251698799508, 0.7228300104294306, 0.7333058076820311, 0.7144493726273503, 0.657880067463308, 0.7354009671325512, 0.7207348509789105, 0.7563525616377521, 0.7081638942757901, 0.7039735753747499, 0.7647331994398324, 0.6934977781221494, 0.5929301244971852, 0.6013107622992655, 0.6285478351560266, 0.7584477210882722, 0.611786559551866, 0.7228300104294306, 0.7752089966924329, 0.6369284729581071, 0.6809268214190289, 0.7395912860335914, 0.752162242736712, 0.7165445320778704, 0.7228300104294306, 0.7500670832861919, 0.7249251698799508, 0.7186396915283905, 0.729115488780991, 0.6264526757055066, 0.729115488780991, 0.6327381540570669, 0.7395912860335914, 0.7605428805387923, 0.6327381540570669, 0.6327381540570669, 0.6180720379034262, 0.6851171403200691, 0.6013107622992655, 0.6306429946065467, 0.7437816049346315, 0.6285478351560266, 0.6013107622992655, 0.7479719238356718, 0.7249251698799508, 0.7500670832861919, 0.6159768784529062, 0.6914026186716293, 0.6390236324086271, 0.7479719238356718, 0.7500670832861919, 0.7395912860335914, 0.7333058076820311, 0.7374961265830713, 0.6662607052653883, 0.6494994296612275, 0.7584477210882722, 0.7354009671325512, 0.6243575162549865, 0.7186396915283905, 0.7333058076820311, 0.731210648231511, 0.6536897485622677, 0.659975226913828, 0.6746413430674686, 0.7165445320778704, 0.6285478351560266, 0.7563525616377521, 0.7479719238356718, 0.7437816049346315, 0.7123542131768302, 0.6243575162549865, 0.7165445320778704, 0.6180720379034262, 0.7354009671325512, 0.6997832564737096, 0.7144493726273503, 0.6515945891117476, 0.6369284729581071],