{"results": [0.7243305999217654, -0.00651587816710766, -0.8460455740824733, -1.2367500090342352, -0.7811533135859233, 0.0615176977159841, 0.7119732958285447, 1.0216717260358075, 0.5552847496532562, -0.06279592339133724, -0.5490461116124847, -0.5993049943569959, -0.35979036682711796, 0.053763195537202504], "results_errors": [[0.0789896787729267, -0.09727442591318244], [0.06026915092622301, 0.21921559365664367], [0.7289533146404086, 0.8305266964025759], [2.2886248315621223, 1.813736475951924], [1.5146331189617386, 1.8404623503671214], [1.1688039597484332, -17.781288157515675], [1.7852860707809595, -2.432857732773895], [4.3333637201981485, -4.111523901797243], [1.9187917140657125, -3.2074850405477724], [1.0300292007890774, 17.075196903473177], [2.171550234556973, 4.094550182055881], [2.042713566203961, 3.4704623029199357], [1.5928738099098347, 4.417134985081441], [0.7774504045464593, -25.296383320480928]], "results_at_noise": [[0.7865764154263689, 0.6970594550619992, 0.6564569977390882, 0.6058903178895366], [-0.012010046477173653, 0.008020214688070876, -0.0024407223869421196, 0.03096631457618404], [-0.9378010780242199, -0.6659159540208245, -0.5404737525681649, -0.3507461008199353], [-0.5431956069555235, -1.044462337896728, -0.676022621177863, -0.3689625435498962], [-0.5610465781750558, -0.44622963932901843, -0.4199891395618522, -0.21581250779040748], [0.5789537616612382, 0.028880273369458323, 0.03078177675484317, 0.017816261529068966], [1.789698487543265, 0.4839910157697403, 0.36930525025346145, 0.20743197100275282], [2.0887437800933735, 0.6129640154033715, 0.4476498323189061, 0.18463417872956708], [-0.3442784121178901, 0.6476078805817491, 0.25871353943207587, 0.12428078560124388], [-1.3701089550659606, -0.11457110773551865, -0.03301656492291962, -0.015484092327747495], [2.0258954836409795, -0.5459099851455423, -0.24086225225527064, -0.08943929613807018], [-0.7763801827051976, -0.5382623567878515, -0.2754295582395926, -0.09610483260053622], [-0.8505320246231847, -0.496120701868796, -0.14716838016740383, -0.03900780967899137], [-2.5297160623346304, 0.15838784209852347, 0.030545262075000502, 0.011815381911569172]], "results_at_noise_errors": [[0.692175113167924, 0.4391429365712956, 0.06365958572460748, 0.2245991222486059], [0.5540196874223453, 0.15451568924082854, 0.06680004892424218, 0.22774331604776468], [2.0756358117145464, 0.9042596100567302, 0.06406972089121413, 0.4083116739509336], [4.32100268229049, 1.3622615820620012, 0.06977870895587585, 0.5298516186793609], [4.602870126876787, 1.3255151308192368, 0.07079426329316929, 0.3695402934231525], [4.360186115836876, 0.7301941335262345, 0.06686064881526403, 0.19605624318354356], [10.744770074061597, 1.9837052310125052, 0.06828671557066879, 0.31796481855025116], [18.753632300526903, 2.844663647633122, 0.06968926479276999, 0.3545588917220127], [20.566759990068952, 2.2292666665088765, 0.06914156663433496, 0.2497013467008738], [24.98589977845234, 1.693408476840375, 0.07120513819666605, 0.19833282852767156], [51.57479624877607, 3.7017615149928176, 0.0717444595697072, 0.24442029944328264], [86.09684368169795, 4.933357992747547, 0.07370384364222252, 0.24205905126176608], [98.24794208637469, 4.024841528097904, 0.07113796236787429, 0.1895205470745867], [135.24650848263065, 3.7294919631819643, 0.06902207317113733, 0.15499519642856452]], "noisyresult": [0.953125, 0.9443359375, 0.943359375, 0.9443359375, 0.9423828125, 0.9443359375, 0.943359375, 0.95263671875, 0.94140625, 0.94970703125, 0.94775390625, 0.947265625, 0.9375, 0.93505859375], "res": [1.0, 1.0, 1.0, 1.0, 1.0, 1.0, 1.0, 1.0, 1.0, 1.0, 1.0, 1.0, 1.0, 1.0]}