{"results": [0.7232145608168489, -0.005251501730322242, -0.6589943487368178, -0.941265667090003, -0.6124598008768685, 0.04481714716271614, 0.7456252928514897, 0.9503034249913831, 0.5680291506029749, -0.09087357647145977, -0.5202955444034003, -0.6469668303352618, -0.4067234362119416, 0.051543369136781585], "results_errors": [[0.06819219709749741, -0.0853506589845843], [0.02892976236658544, -1.3480386827548512], [0.18631810455954584, 0.26854790167068604], [0.5287994862760947, 0.5448384252096523], [0.4575866661117448, 0.7090006290391493], [0.46704482195330965, -18.22256181229787], [1.5471029007967823, -2.029198160988543], [3.2375293345608163, -3.321693112231065], [1.7015637253629075, -2.880421092446789], [0.7739541490426853, 6.510048675012917], [1.5636881595342822, 3.0119857925823403], [2.2703934332173965, 3.476113862978635], [2.2088268605194066, 4.781332303645938], [0.14079546658443648, -2.1617540732556337]], "results_at_noise": [[0.7865887255254742, 0.6595243679365338, 0.6553502428005398, 0.6034172030717735], [0.007140084827970249, -0.006274785467724333, -0.005044256751506453, 0.004000520203437774], [-0.6321938515635205, -0.6336266138276178, -0.5430563072925351, -0.4579441035545561], [-0.8422432028085809, -0.8910362004747695, -0.6885868536383795, -0.5134656291174217], [-0.6227494798919408, -0.46723617713897714, -0.4192086908875978, -0.28323561783091467], [0.009372047034936248, 0.04170606865200842, 0.02481839005637481, 0.02413025649135815], [0.9173454564693755, 0.5651476631622149, 0.3730881483652419, 0.20085825832609916], [0.9777346311860089, 0.40949364604191074, 0.4397355567419497, 0.19774426268588047], [0.5462031977497854, 0.46062793059023016, 0.25566432463385635, 0.121856640672593], [-0.20024619994540474, -0.11083676378871833, -0.04066588027865683, -0.021877640430298752], [-0.5139106134037343, -0.3154539680626934, -0.2465801872510977, -0.11973397325263327], [-0.7360821471219446, -0.34215007806697806, -0.2685598332884778, -0.09215355771388407], [-1.3002032262575358, -0.4787937971766774, -0.14895685788485283, -0.051047695130589765], [-1.4195817169746245, 0.01424985374711634, 0.034373110463532065, 0.02589405719309583]], "results_at_noise_errors": [[0.5200293850253799, 0.42186128967878395, 0.06244679579147654, 0.24023137334215544], [0.41927968458113823, 0.21913576007411648, 0.06717880780863508, 0.20978130295004485], [1.510290195789514, 0.7048505518079877, 0.06690133895595449, 0.2889352175166266], [2.6470302195350675, 1.0777664276521475, 0.0687554665080156, 0.396562068436627], [2.5679142150499956, 0.9504041420323589, 0.07107769065644468, 0.31624872998061154], [1.8118075268034173, 0.44941346859081716, 0.06996244561592074, 0.2153673032415105], [4.813722048591892, 1.2315971584819017, 0.07041591486884936, 0.3153617101423535], [7.832800930200471, 1.8552844832443367, 0.07399002474303734, 0.35818365468380886], [7.4906044528511195, 1.3413035393619464, 0.07374057299725806, 0.25044958954854396], [7.249058531253202, 0.9426771277290121, 0.07093902710412506, 0.18143227818109578], [14.891753864519229, 1.9404803759794842, 0.06852656459337952, 0.23658124305994693], [22.886935342322715, 2.446846192119148, 0.07290046876581006, 0.24521249082572602], [22.58331220602861, 1.8776018709212243, 0.07265183073308988, 0.1885706869457889], [24.03224727728641, 1.6974414396177158, 0.06915940218195464, 0.14118356102576304]], "noisyresult": [0.94580078125, 0.939453125, 0.94677734375, 0.9462890625, 0.94384765625, 0.9453125, 0.94775390625, 0.9462890625, 0.94482421875, 0.9599609375, 0.94287109375, 0.94384765625, 0.9521484375, 0.9375], "res": [1.0, 1.0, 1.0, 1.0, 1.0, 1.0, 1.0, 1.0, 1.0, 1.0, 1.0, 1.0, 1.0, 1.0]}