{"results": [0.6796984335602936, -0.00012000719865451655, -0.7107102359415591, -0.9374416664634162, -0.6334907228744167, 0.05593436860665557, 0.7182083392932165, 0.8942456264746321, 0.5131464667985767, -0.08567715125542007, -0.5371267045418309, -0.6835464887032807, -0.37961576325819485, 0.0948158919825193], "results_errors": [[0.07644619472313548, -0.10308309669103514], [0.030391164617184975, -0.7916629100041783], [0.3049223902365601, 0.4043504080357064], [0.5809510195426979, 0.6023685592572727], [0.5530597788882463, 0.8274002013841053], [0.6253151720166721, -13.092495483900208], [1.6043052477188815, -2.196274095899624], [2.256969581225425, -2.3341245131430313], [1.2450260620985003, -2.194112988466694], [1.4697688852095243, 26.80245653238654], [1.6331391434355822, 3.1556305161613842], [2.5000917479860094, 3.5610770241868077], [1.5793442734956145, 4.028929330458976], [1.2715487047410503, -10.707439808107383]], "results_at_noise": [[0.6125627434724867, 0.6489446054703679, 0.6476665184267119, 0.602540732307322], [-0.025964281924368587, 0.010075189975939616, -0.0011325402681739904, 0.008657896785984926], [-0.6950738559318261, -0.586564295984672, -0.546506086163286, -0.4178078634773387], [-1.0538824705369398, -0.8372936553293305, -0.6816415189167033, -0.5141521202221097], [-0.462120835502852, -0.4592379228110125, -0.4177595305053561, -0.27257499269136354], [0.09951053092739966, 0.015426881513934117, 0.03169707120786691, -0.0034757373189562672], [0.7860480881228584, 0.32739819338419524, 0.3721008082091287, 0.1848031596012916], [0.7634981014558301, 0.5958152520460535, 0.44707156284128746, 0.22174157398984853], [1.2782920148910262, 0.2709818007360456, 0.2591942983511205, 0.13763578367090518], [0.0692905570835314, -0.05502353673971756, -0.034855730778483564, -0.004934084858854267], [-0.6538675601747264, -0.4579824170503034, -0.24851175200954329, -0.11016974430133551], [1.227856873299162, -0.5572972541586789, -0.2794784065967534, -0.0937937606090272], [-1.5251355552917314, -0.1478050683691359, -0.15151760892169475, -0.044725230600513505], [0.6306248883223924, 0.024319001854336893, 0.038671785195858156, 0.012918890865033228]], "results_at_noise_errors": [[0.7335167665599533, 0.4445043346520017, 0.06291407739387367, 0.2611349649639394], [0.2864972302713272, 0.21119358639155983, 0.06911571362467094, 0.2532916323339273], [1.550125463587251, 0.7619554387941514, 0.06891334819118618, 0.3326986999460546], [2.7285390788728425, 1.137815351568043, 0.06827910583836123, 0.4240770928776547], [2.737322114783095, 0.9718773222417492, 0.0694831628424853, 0.33168061503612895], [2.105909206507085, 0.551008755373261, 0.07062437107300142, 0.19668288413915597], [5.29231742682986, 1.386904270349251, 0.06886056391569732, 0.3260843374974098], [8.216988962385926, 1.8640495770425334, 0.06876567382093685, 0.334771290816048], [7.826769785197714, 1.4743258508017545, 0.07196263059752933, 0.24508128008453067], [8.201735970029699, 1.038326149156144, 0.06833861891302764, 0.18824074614885739], [16.790668477298368, 2.0234617640304005, 0.06950548979202761, 0.24590789258374085], [24.33768503024418, 2.646776076395353, 0.07169960198219191, 0.2520280090525829], [24.65818551538235, 1.9949160043739447, 0.07474238926808818, 0.1846382440636201], [29.537436641339976, 1.8024720558626983, 0.07005905838861982, 0.1556329744776266]], "noisyresult": [0.9482421875, 0.94140625, 0.94677734375, 0.9482421875, 0.951171875, 0.93994140625, 0.939453125, 0.94921875, 0.94384765625, 0.94775390625, 0.94287109375, 0.9453125, 0.9609375, 0.951171875], "res": [1.0, 1.0, 1.0, 1.0, 1.0, 1.0, 1.0, 1.0, 1.0, 1.0, 1.0, 1.0, 1.0, 1.0]}