{"results": [0.7163151468049679, -0.007890908164933347, -0.7391242869489398, -1.0428116916573122, -0.7071414673708348, 0.05442063089117307, 0.7914315691830158, 0.99185849773702, 0.5794694907908187, -0.07292721255946813, -0.5719571018727562, -0.66012638766307, -0.34519953566294376, 0.07282200479810452], "results_errors": [[0.09403429133041195, -0.12118691781880633], [0.06510946662910984, -1.0397321966656752], [0.4093063924886101, 0.5276857288717673], [1.065962172534757, 0.9934215879203709], [0.9643647814328917, 1.318328053261205], [1.0105995749752679, -23.045078388488527], [2.693581702624537, -3.2292703496439095], [3.617687928757187, -3.573744085055397], [2.2638169652169333, -3.7711014802723777], [1.4047134016822649, 22.552320074562925], [2.2127012375280843, 3.9761162166195083], [2.3032103367054977, 3.53938563691744], [1.336307145057102, 3.931752779135695], [1.0649041794536551, -20.10015601212851]], "results_at_noise": [[0.6942161677109171, 0.688670676694628, 0.6524624942760164, 0.5908465763838923], [-0.020344436908466674, -0.017692664368781877, -0.0030277547493078715, 0.011905566435874395], [-0.685935714036684, -0.6482967357856785, -0.5436163629547789, -0.4044125786166994], [-1.1450916597826828, -0.859993485274278, -0.6845023325139096, -0.4639455571316362], [-0.7031186005453449, -0.5380998060455434, -0.4168710252836981, -0.25126212062768816], [0.014421004008627773, 0.05186134093038761, 0.02954649993769929, 0.009879930682023344], [0.6040523017237045, 0.6055401386162689, 0.3709496908134873, 0.18244740665228792], [0.7354053766582784, 0.7992001954720676, 0.4447211419650586, 0.2132508585903501], [0.6140988956911572, 0.4555533994284318, 0.2556929328472094, 0.11820903205204114], [0.1622907842590439, -0.04085370351640693, -0.03424471257187369, -0.01476583355852104], [-3.170946676789026, -0.3753030742945161, -0.24662961446357007, -0.09586425157591477], [-1.4065530211470874, -0.5676430475455366, -0.2803013429532604, -0.10269787720447744], [-0.9262211504675709, -0.2569409845191937, -0.1496460176752585, -0.05547692886545053], [0.35334429792077804, 0.047400257104182095, 0.03235631072841997, 0.007688632162394831]], "results_at_noise_errors": [[0.7423672378316105, 0.43953163871311735, 0.06507454618064448, 0.2768424982092287], [0.5008189264089389, 0.24545522932135072, 0.06901428535291103, 0.20614132599387006], [1.9526671238214426, 0.8406475138064821, 0.06657739013848185, 0.3575389150727674], [3.645006407213242, 1.3847723905704066, 0.06743675926480171, 0.45634293374177426], [3.8785226181209116, 1.1755831440107738, 0.06989966487361782, 0.3442170771349846], [3.1034719872247303, 0.6697729450956607, 0.07248013137102666, 0.22335837306031792], [8.501219846165034, 1.692211309148706, 0.07184243203125162, 0.33417273674141523], [14.445928461741293, 2.4095633838156743, 0.07053373532849065, 0.3589077608404507], [15.237548904580024, 1.950893206888435, 0.07177428459208739, 0.25688281605633473], [15.662888238598626, 1.3759403541984776, 0.07165800819405092, 0.19124744144797512], [34.7876044998231, 3.03705109512599, 0.07171053041237441, 0.2494035564631183], [56.745744517352556, 4.035401615838786, 0.07165039262337172, 0.2517648862958908], [61.93938146847471, 3.252728305644265, 0.07226822544990312, 0.18433055123787273], [75.53812033559079, 2.8864533660475042, 0.07243830578108734, 0.15230234766645376]], "noisyresult": [-0.00390625, 0.00244140625, 0.00439453125, 0.00341796875, 0.01171875, 0.0048828125, -0.0048828125, -0.0029296875, 0.01220703125, 0.0, -0.00732421875, 0.0029296875, -0.0009765625, 0.0029296875], "res": [0.00066845703125, -3.759765625e-05, -0.0006865234375, -0.00093505859375, -0.00062890625, 6.103515625e-05, 0.000642578125, 0.0008349609375, 0.00048486328125, -7.421875e-05, -0.000548828125, -0.0006650390625, -0.00034765625, 0.00011083984375]}