{"results": [0.6867776502199955, -0.02358497991240433, -0.7166569264111353, -0.9918889431828772, -0.617775135210853, 0.06732662884449378, 0.6387043649161278, 0.8315400240371763, 0.5053619223664407, -0.09351455704437915, -0.5692858027807659, -0.6760460273781944, -0.34571795194369875, 0.1336598249125663], "results_errors": [[0.0193598035504882, -0.024235454511654826], [0.013811731901586844, 0.4791150432389808], [0.10810239686377401, 0.14704193673670818], [0.2105476722712902, 0.20917809663386633], [0.16549496163043853, 0.26316657160673307], [0.035717189871442685, -0.6160477191186304], [0.19312135134480476, -0.29708400700397464], [0.3833291355302264, -0.4503675481690511], [0.199657693995026, -0.3856078570616105], [0.0998813721612578, 1.1059120946562124], [0.39174529090532784, 0.6941584688933325], [0.5904434974390496, 0.8589075408521177], [0.20130569431820106, 0.5872858142262887], [0.4163668266647994, -3.183243237362986]], "results_at_noise": [[0.7006479848886497, 0.6542125430113871, 0.6691590134414447, 0.6592094960291384], [-0.031470431143999215, -0.0185119409055558, -0.01532353408526185, -0.01355439157047698], [-0.6871248873634768, -0.6610279490153398, -0.6290303627643565, -0.5398481930965875], [-0.8935131862088203, -0.9824570129867465, -0.8141884646188333, -0.6885262175762756], [-0.5230082848262678, -0.5206699012494578, -0.514069771908924, -0.40124775150119985], [0.056798484921602804, 0.05279907208635608, 0.047698456273962256, 0.04075659088900663], [0.622791700006934, 0.5495636370828252, 0.5106398268353054, 0.41358972184806975], [0.816032068944782, 0.640566553499112, 0.6208154880430015, 0.4679793579452155], [0.3966616117405257, 0.49876217625248886, 0.36416586203313417, 0.27929294076264577], [-0.042921478207932136, -0.11468610114224465, -0.06127377910865989, -0.04994443227420467], [-0.43957401884237224, -0.37924389440274964, -0.383112433904757, -0.2594149015110043], [-0.6680452829757255, -0.4947793993027004, -0.44882652302571835, -0.3020267704455615], [-0.3735014034537751, -0.3086239367173581, -0.24049758170979135, -0.17439772776370188], [0.10807173692781556, 0.09508240156248218, 0.06441625700354253, 0.03730608772134365]], "results_at_noise_errors": [[0.35408436669303767, 0.3147343993304651, 0.03723530674381018, 0.1175547256145978], [0.19905964876202242, 0.10483571038465853, 0.04118370163263522, 0.08424639505779492], [0.7216358535906586, 0.4373618800567558, 0.038181972775314335, 0.31403889977166], [1.1490320363548887, 0.47963823743676726, 0.03407348183589293, 0.3814709953828719], [0.9682628242448383, 0.5430440374793959, 0.039551911766674316, 0.32831101516338707], [0.32435010843711864, 0.17051565540007804, 0.043613297492742994, 0.152687551853139], [1.3508057030071536, 0.6813299358387974, 0.03787994644718681, 0.29125627282626737], [1.8466027051844875, 0.9144565657289025, 0.03663325406982161, 0.36669627155675033], [1.421665411845341, 0.5286024813658797, 0.04136397999885374, 0.24728136026347153], [0.8157139805599052, 0.2523662651382661, 0.04199562276362319, 0.17588990514712577], [2.0554964442587265, 0.8292082883225186, 0.03991949145891788, 0.3019429077010252], [2.908939982581041, 1.035257811940091, 0.04169919130576628, 0.33422363511044667], [2.0768451260077248, 0.6576259117961005, 0.04271096682636863, 0.2186982168729], [1.7461175040391494, 0.4133755614168918, 0.04306510080178838, 0.15241780514890835]], "noisyresult": [0.09423828125, 0.0341796875, -0.02880859375, -0.072265625, 0.02978515625, 0.01318359375, -0.02880859375, 0.048828125, 0.00732421875, 0.0263671875, -0.0302734375, -0.03173828125, 0.017578125, 0.02099609375], "res": [0.00066357421875, 1.171875e-05, -0.00071240234375, -0.00093994140625, -0.0006103515625, 8.203125e-05, 0.00066259765625, 0.00079931640625, 0.00051025390625, -7.91015625e-05, -0.0005576171875, -0.000634765625, -0.00037939453125, 6.34765625e-05]}