{"results": [0.7024105941671761, -0.02103224084766107, -0.715676848727837, -0.9531084172858973, -0.6301770536246238, 0.06104533182190144, 0.6473126731417866, 0.8348875595586909, 0.513229568166708, -0.0912177688502398, -0.5557685981419396, -0.6862884297486307, -0.38043059543333757, 0.08368463064870153], "results_errors": [[0.028984701348827933, -0.038919834009595033], [0.011764838105563556, 0.5463124261825928], [0.10547686822955424, 0.14443181594331986], [0.20185532267464168, 0.21019659851239497], [0.1439945903485785, 0.2237934135290903], [0.05224079766941383, -0.9036465273416476], [0.23839809562974926, -0.36876974177348787], [0.3939047030552237, -0.47397990850151306], [0.2384631609913605, -0.4611498332658796], [0.11671207256040088, 1.426520513934043], [0.32860129508552643, 0.6072706391594543], [0.5615878009449897, 0.8268246691349719], [0.2791436224906332, 0.7366197855821173], [0.14498755450135709, -2.060862925061281]], "results_at_noise": [[0.7198598592077927, 0.6687764088351487, 0.6704602125382154, 0.6426675541858644], [-0.02153364851088574, -0.01632104201332166, -0.019271569807184065, -0.019250807817831436], [-0.7090594644521906, -0.6624885963077927, -0.6311637008112496, -0.5521708977092331], [-0.9616144328970537, -0.8800735673018096, -0.8180106313112554, -0.7045267903377865], [-0.6249836418736926, -0.5857383492546586, -0.5128480679473213, -0.42345467665565417], [0.06565678635304367, 0.05225821082472987, 0.04653660883289533, 0.03670636518709464], [0.5935647051624064, 0.5379331057443303, 0.509587052787357, 0.3932316541367613], [0.8150019153292047, 0.7473210699995612, 0.6224160375583798, 0.47369596709739525], [0.5077190087890073, 0.43100717171258424, 0.3656152843099505, 0.265863819080039], [-0.09080324717237828, -0.08062101019979223, -0.06307562045251074, -0.04655785591673496], [-0.49925904801232895, -0.4965976934526227, -0.3902555755982293, -0.2818645838253233], [-0.7415796397602376, -0.5599254970292523, -0.4474099093157517, -0.30048289456149324], [-0.4212484195290145, -0.31993848224378385, -0.24440908227661803, -0.16474277716150662], [0.08408985540685994, 0.06766291664457878, 0.060023966486102025, 0.04545741338448651]], "results_at_noise_errors": [[0.3124650715000115, 0.2848712096838816, 0.03553247150006317, 0.19168780118280507], [0.1698453439035098, 0.10506303303695397, 0.042356677832094965, 0.13091573660563532], [0.7313475840664704, 0.452896903457611, 0.03671330499966082, 0.30259955665322447], [1.1489082374583774, 0.6749679517131457, 0.03384093695904946, 0.37933844788428817], [0.9423582019301402, 0.48903571798737266, 0.04017054937190232, 0.2926515721179492], [0.4519703374666998, 0.20868192016433582, 0.04289728866463618, 0.17350595271249625], [1.4685794658989546, 0.7241761361008101, 0.039185078753839434, 0.32961318735207945], [1.9504149854644077, 0.879448233399998, 0.038528627136667375, 0.38210156053493555], [1.470916257949877, 0.6234954958653418, 0.04133885807811497, 0.27022476352479313], [0.8937507886820175, 0.28864461181827294, 0.04302408944791861, 0.1826370071800026], [2.2172855892271905, 0.8082610461905395, 0.04144442147683415, 0.2858713263059715], [3.005883025741193, 1.0375531649209684, 0.04150958631547461, 0.33213065044846357], [2.1864165900747348, 0.6742439774424795, 0.04206597503209057, 0.21813471253951108], [1.5220984442033847, 0.3984498405695045, 0.04388101454517972, 0.16051176177582357]], "noisyresult": [0.09765625, 0.10205078125, -0.0712890625, -0.06298828125, -0.01904296875, -0.07275390625, 0.0478515625, 0.09326171875, 0.005859375, -0.0703125, 0.0263671875, 0.015625, 0.00732421875, 0.0341796875], "res": [0.0006826171875, -6.34765625e-06, -0.00068603515625, -0.00092626953125, -0.00061328125, 7.03125e-05, 0.0006669921875, 0.000814453125, 0.0005, -5.6640625e-05, -0.000560546875, -0.000677734375, -0.00040771484375, 8.544921875e-05]}