{"get_expectations": [0.6835690594806957, 0.6583197555143897, 0.6787466242212722, 0.6613115984162944], "get_strengths": [0, 0.5, 1, 2], "_data": {"0": 68.35690594806957, "0.5": 65.83197555143897, "1": 67.87466242212722, "2": 66.13115984162944}, "_dataStatistic": {"0": [0.771545259161735, 0.8291606518913451, 0.731464985958528, 0.7139298664321249, 0.8592208567937505, 0.8617258738689507, 0.8116255323649421, 0.7515051225601315, 0.7515051225601315, 0.7815653274625368, 0.8717459421697525, 0.7965954299137394, 0.874250959244953, 0.7665352250113341, -0.8416857372673473, 0.6888796956801206, 0.7790603103873363, 0.7289599688833275, -0.8366757031169465, 0.834170686041746, 0.8717459421697525, 0.7540101396353319, 0.8366757031169465, 0.7590201737857328, 0.7464950884097307, 0.8441907543425479, 0.8316656689665457, 0.7289599688833275, 0.891786078771356, 0.8517058055681491, 0.7164348835073253, 0.6688395590785171, 0.8116255323649421, 0.91433123244816, 0.874250959244953, 0.85671583971855, 0.7615251908609333, 0.7765552933121359, 0.874250959244953, 0.8266556348161447, 0.7815653274625368, 0.7439900713345302, 0.8792609933953538, 0.7064148152065236, 0.731464985958528, 0.7089198322817241, 0.8792609933953538, 0.6663345420033167, 0.7915853957633385, 0.7014047810561228, 0.7364750201089288, 0.726454951808127, 0.7164348835073253, 0.7114248493569244, 0.696394746905722, 0.7339700030337284, -0.7189399005825257, 0.7414850542593296, 0.7915853957633385, 0.8717459421697525, 0.7239499347329267, 0.726454951808127, -0.8892810616961556, 0.874250959244953, 0.8692409250945521, 0.651304439552114, 0.834170686041746, 0.9018061470721578, 0.8717459421697525, 0.7339700030337284, 0.8542108226433496, 0.7189399005825257, 0.7239499347329267, 0.7364750201089288, 0.6888796956801206, 0.696394746905722, 0.691384712755321, 0.7640302079361336, 0.7389800371841293, 0.7014047810561228, 0.8667359080193516, 0.8066154982145413, 0.6813646444545194, 0.7389800371841293, 0.8316656689665457, 0.8291606518913451, 0.7840703445377373, 0.7239499347329267, -0.8116255323649421, 0.7840703445377373, 0.7114248493569244, 0.7840703445377373, -0.8141305494401425, 0.7590201737857328, 0.7915853957633385, 0.7615251908609333, 0.8141305494401425, 0.834170686041746, 0.8517058055681491, 0.696394746905722], "0.5": [0.7430924872358079, 0.7847612248378159, 0.7407775573690296, 0.7731865755039248, 0.6713296613656831, -0.7268879781683603, 0.7569820664364773, 0.6690147314989049, 0.8009657339052632, 0.7477223469693643, 0.8310598221733801, 0.6782744509660178, 0.712998398967691, 0.648180362697901, 0.615771344563006, 0.798650804038485, 0.7245730483015821, 0.8009657339052632, 0.6528102224314573, 0.7245730483015821, 0.7708716456371465, 0.8264299624398237, 0.7199431885680256, 0.6666998016321266, 0.6366057133640098, 0.6898491002999089, 0.8102254533723761, 0.6504952925646792, -0.6875341704331307, 0.7824462949710377, 0.754667136569699, 0.6296609237636752, 0.6967938899002435, 0.7917060144381505, 0.6551251522982355, 0.7685567157703683, 0.7014237496337999, 0.798650804038485, 0.6366057133640098, 0.6666998016321266, 0.6944789600334653, 0.7940209443049286, -0.6852192405663524, 0.6666998016321266, 0.712998398967691, 0.7245730483015821, -0.7847612248378159, 0.6852192405663524, 0.7801313651042594, 0.6204012042965624, 0.6620699418985702, 0.7268879781683603, 0.798650804038485, 0.7014237496337999, 0.7361476976354732, 0.7778164352374812, 0.648180362697901, 0.7870761547045941, 0.6898491002999089, 0.8171702429727108, 0.7500372768361425, 0.7708716456371465, 0.8079105235055979, 0.7153133288344692, 0.6088265549626714, 0.7847612248378159, 0.7037386795005781, 0.7801313651042594, 0.819485172839489, 0.7893910845713722, 0.692164030166687, 0.7430924872358079, 0.6528102224314573, 0.7778164352374812, 0.6944789600334653, 0.6944789600334653, 0.7523522067029208, 0.7731865755039248, 0.6829043106995742, 0.7199431885680256, 0.7060536093673563, 0.7963358741717068, 0.8055955936388196, 0.6690147314989049, 0.7083685392341346, 0.7639268560368119, 0.6690147314989049, 0.6574400821650137, 0.7407775573690296, 0.8102254533723761, 0.7801313651042594, 0.7917060144381505, 0.8055955936388196, 0.7384626275022514, 0.8009657339052632, 0.7523522067029208, 0.6967938899002435, -0.6875341704331307, 0.7893910845713722, 0.6551251522982355], "1": [0.6139696203716124, 0.6054125524918686, 0.6417800909807795, 0.6952617652291778, 0.7958073128161666, 0.7359078376579604, 0.7102366340187294, 0.7401863715978323, 0.624665955221292, 0.6203874212814202, 0.7209329688684091, 0.6332230231010357, 0.7038188331089216, 0.6909832312893059, 0.7423256385677682, 0.7466041725076401, 0.6396408240108435, 0.598994751582061, 0.723072235838345, 0.5754628149127656, 0.5882984167323813, 0.6268052221912279, 0.6118303534016765, 0.7530219734174479, 0.6952617652291778, 0.7059581000788575, 0.6631727606801389, 0.7273507697782169, 0.6481978918905873, 0.6909832312893059, 0.7209329688684091, 0.6289444891611639, 0.6289444891611639, 0.5369560094539189, 0.6375015570409076, 0.7145151679586013, 0.7337685706880246, 0.7359078376579604, 0.7059581000788575, 0.7123759009886653, 0.6653120276500748, 0.6738690955298186, 0.5904376837023172, 0.7102366340187294, 0.6375015570409076, 0.7080973670487934, 0.6909832312893059, 0.6974010321991138, 0.6974010321991138, 0.7059581000788575, 0.748743439477576, 0.6032732855219327, 0.624665955221292, 0.7380471046278964, 0.6995402991690497, 0.7444649055377042, 0.7166544349285372, 0.624665955221292, 0.6760083624997545, 0.6011340185519969, 0.6974010321991138, 0.7337685706880246, 0.7080973670487934, 0.748743439477576, 0.658894226740267, 0.6353622900709717, 0.6546156928003951, 0.7679968422069995, 0.6974010321991138, 0.6867046973494341, 0.6268052221912279, 0.7187937018984731, 0.6952617652291778, 0.6439193579507154, 0.6781476294696903, 0.6439193579507154, 0.6161088873415483, 0.68884396431937, 0.6952617652291778, 0.68884396431937, 0.7187937018984731, 0.6332230231010357, 0.7423256385677682, 0.6824261634095622, 0.5904376837023172, 0.6011340185519969, 0.6460586249206514, 0.7637183082671276, 0.7294900367481528, 0.622526688251356, 0.6139696203716124, 0.725211502808281, 0.7145151679586013, 0.6032732855219327, 0.7658575752370635, 0.6268052221912279, 0.7337685706880246, 0.7530219734174479, 0.6375015570409076, 0.7059581000788575],