{"results": [0.7028589715762794, -0.02243976021467893, -0.7144252396791553, -0.9643507753443863, -0.6270055164777278, 0.0645126681137427, 0.6822791441227225, 0.8654795976176436, 0.549903904835802, -0.08834842763120815, -0.5768877666531179, -0.7358099791494026, -0.42021604726994644, 0.09990955633654124], "results_errors": [[0.02943096388279147, -0.03932865023199895], [0.013160434936429764, 0.6169791651207465], [0.1014485493223884, 0.13878554297730067], [0.2418656132232749, 0.24858155250194455], [0.16011660241766806, 0.25059769797039394], [0.06301422658367287, -1.031061264590705], [0.29994450622949953, -0.43784571964066843], [0.49278466824300693, -0.56405907461747], [0.32563641336242766, -0.5885347078939028], [0.12777669724211888, 1.6487354360005877], [0.4179373762875103, 0.739656412585021], [0.7802899177218905, 1.075945009871436], [0.4468949016626376, 1.0692439207161435], [0.22337859034073748, -2.712962899078746]], "results_at_noise": [[0.7146648246983456, 0.6873079716560081, 0.6697224642256338, 0.6436413221758659], [-0.025270911205631182, -0.022065368750130866, -0.01814953042609414, -0.019668463903968102], [-0.6766930536356075, -0.685618903055198, -0.632389737206575, -0.5577424511413268], [-0.9878307790032393, -0.8552779695972376, -0.8155325494880898, -0.6903646974328663], [-0.570930739905235, -0.5655160008130333, -0.5124067770498587, -0.4151745745263693], [0.05690520625971915, 0.05601391782721689, 0.04881800470681158, 0.03568487740098837], [0.7054459241544291, 0.5665688215997937, 0.5096951988581295, 0.3826485430753689], [0.8702267592673236, 0.736941066185841, 0.6229817954311772, 0.45925468115812196], [0.49843785891916204, 0.4714715714229002, 0.36513913702951484, 0.2488789418220645], [-0.11450384650573828, -0.06045613353466483, -0.06065097734583237, -0.03936809678777614], [-0.6036997956042668, -0.4455905618112894, -0.38908980033495144, -0.2679717032306807], [-0.7661921412239465, -0.6198121459496779, -0.44710298735114873, -0.29163334875679325], [-0.3230482849465728, -0.33515737788308964, -0.2436101596627181, -0.14745789496239617], [0.09287376400656558, 0.07493614065292381, 0.06082406376921555, 0.03700262465235269]], "results_at_noise_errors": [[0.3451760870449524, 0.2446967741253954, 0.03646646536691664, 0.18706012771326175], [0.19053447739518678, 0.12147427061156216, 0.041612857947465, 0.12271579858671386], [0.7896303106819311, 0.43413329122755673, 0.036618874798620256, 0.2909279275372782], [1.223146220460319, 0.7411706667982447, 0.03384772806558118, 0.40499234120870475], [1.0417199275034785, 0.5389753880557913, 0.040063896358506684, 0.3040658857799663], [0.4938008681338962, 0.23279172974922896, 0.04295310549181428, 0.17428972465385514], [1.5372253637477524, 0.7377187540466974, 0.04024308979280403, 0.34205520149999047], [2.1405315995260983, 0.9462369406498985, 0.03893846942576336, 0.3905432614838842], [1.631668613331075, 0.6298788694946735, 0.04218687563235909, 0.2864586558568952], [0.9744568105981297, 0.32144959530734635, 0.04323440868294148, 0.17764434055722012], [2.4661285027195925, 0.8963870382829855, 0.042427932907114926, 0.30373689246633756], [3.24515437978543, 1.0512345264353165, 0.04081328606220857, 0.34033845540260366], [2.502857192125655, 0.7042653843654006, 0.04262909223666856, 0.2340025161100795], [1.7476017312506098, 0.436441996136765, 0.04401298224926115, 0.1631768289066131]], "noisyresult": [0.1416015625, -0.06298828125, 0.013671875, -0.08203125, -0.0625, 0.052734375, -0.04052734375, 0.0029296875, -0.0224609375, -0.0302734375, -0.2314453125, 0.0361328125, 0.00830078125, -0.1171875], "res": [0.00067578125, -2.978515625e-05, -0.00070068359375, -0.000919921875, -0.0006201171875, 7.861328125e-05, 0.0006279296875, 0.0008173828125, 0.000517578125, -8.203125e-05, -0.000587890625, -0.0006484375, -0.00034375, 5.46875e-05]}