{"results": [0.6936551695870666, -0.01171388772659449, -0.722375937081228, -0.9713467930908255, -0.615702929519066, 0.0539925446393256, 0.6481392041045382, 0.8477356491447804, 0.5275067855129818, -0.07258038528213612, -0.5332733033008296, -0.6017912543661842, -0.32798616379474677, 0.058728874597055974], "results_errors": [[0.07182740131712691, -0.09408859064846689], [0.049057857782230735, -0.7982173142395518], [0.32583398735594293, 0.43503114096007756], [0.6808794662522815, 0.6881222708077086], [0.4613482002131491, 0.715690899347831], [0.665167968816316, -12.697474417960612], [0.9902341770706029, -1.5061216217003626], [1.8019616156859442, -2.077558660571235], [1.3179776254667548, -2.316752556241897], [1.0704164096756954, 17.119824311043722], [1.7541854969755653, 3.318399012714133], [1.860005921618538, 3.110254814610602], [1.1064386557049921, 3.328083168413273], [0.6903486319511438, -13.94836848860466]], "results_at_noise": [[0.6705203202766545, 0.6640391081796867, 0.6510093813701977, 0.6043284395115852], [-0.021135992012562232, -0.01227516056692484, -0.0037132772351077675, 0.01041656781548761], [-0.6781172705261658, -0.631641577689579, -0.5428441489315501, -0.40668952300830286], [-0.9044016615237451, -0.8241239778442243, -0.6839384076083792, -0.4844309922383596], [-0.6251329168560209, -0.5227659095719306, -0.41781747576481054, -0.29364071803685743], [0.03320230570142001, 0.04321030852539744, 0.02873777317429843, 0.011741602816928867], [0.6310381413460173, 0.4680392733509925, 0.37029620285784326, 0.21838976406523677], [1.2107656257347312, 0.6331048701729405, 0.4426540310516026, 0.25173148017641056], [0.4635829134149747, 0.36676017140691297, 0.25685832683524434, 0.132857163872228], [0.08979410132390683, -0.04992285346115683, -0.034920762000098596, -0.013254776585733876], [-0.7948750804035154, -0.33274479448547295, -0.24318879752759515, -0.1128681573008225], [-1.6956633308444533, -0.4532054079580518, -0.2781168331578461, -0.13072066888059447], [-0.3025214695337041, -0.1314495552536703, -0.14969464924004705, -0.06774581952462061], [0.014011808034719242, 0.02845386030551115, 0.03191623848283943, 0.016767063249178895]], "results_at_noise_errors": [[0.6576421740572568, 0.4184066780055467, 0.06456558638283137, 0.2490487361636642], [0.36640921092526585, 0.19497131149819527, 0.06928614337928873, 0.1828674354389703], [1.4796569032680456, 0.7003568733995122, 0.06652923258741454, 0.35745958844254244], [2.6598734435827467, 1.1194255582299426, 0.06724015962705801, 0.4366112354295345], [2.5619798907481024, 0.921647544992594, 0.06915299072721853, 0.30778997989009355], [1.8722731637365646, 0.4721102119915255, 0.07066686113504035, 0.2042896158559], [4.824212679809433, 1.2826670719462632, 0.07037803434410912, 0.31291530157631114], [7.7052034759225645, 1.7511091813353385, 0.07076066344892576, 0.33556077615592494], [7.346943782097915, 1.3653378113892305, 0.07070465368695447, 0.24493205491298228], [6.731085510309614, 0.9125820720961959, 0.07152068786947113, 0.17757366800322066], [14.594925600227313, 1.930823035737815, 0.07119684303019244, 0.2349702503771699], [21.883592405116623, 2.4634802747563738, 0.07193254965087108, 0.24176930756234802], [21.5914145500084, 1.9250446096620044, 0.07250963358176467, 0.17616238384403332], [22.840837365232307, 1.6059591235716464, 0.07258291390824961, 0.1430772413190865]], "noisyresult": [0.0, 0.0166015625, 0.00244140625, -0.00537109375, 0.00537109375, -0.00439453125, 0.00048828125, 0.021484375, -0.00341796875, -0.00439453125, -0.00341796875, -0.0244140625, 0.001953125, -0.0068359375], "res": [0.0006884765625, -2.734375e-05, -0.00068505859375, -0.00093115234375, -0.00059130859375, 8.984375e-05, 0.000626953125, 0.00082177734375, 0.00053515625, -0.000115234375, -0.00053369140625, -0.00065576171875, -0.000369140625, 7.373046875e-05]}