{"results": [0.72720037242797, -0.019893978491578007, -0.7070140721303635, -0.9869852744697563, -0.6701133392790714, 0.051663437473733684, 0.7632972438189748, 0.9624251338092917, 0.5480856430488172, -0.0959687509419129, -0.5470129865815329, -0.7871335149649831, -0.42208836050709475, 0.09441182516915451], "results_errors": [[0.021357795975242365, -0.027025220480836092], [0.009434704375230118, 0.42885683522377094], [0.08892331956146923, 0.12184212211079995], [0.2970880764618734, 0.29958858713232533], [0.2065075561531133, 0.30261848593184604], [0.042600599334329706, -0.8415084351868448], [0.45286693531657063, -0.5875706388147741], [0.7211402762205374, -0.7379392981448786], [0.35211414602923163, -0.6290653880405463], [0.2184007473026525, 2.4742645647143915], [0.35967925704403414, 0.6483360282256624], [1.1956209401585718, 1.4746814333262894], [0.5897458601423256, 1.362288600927099], [0.20811105078570608, -1.3508823267826706]], "results_at_noise": [[0.7537388132673652, 0.7075350468304598, 0.6700650311649912, 0.6389535432623017], [-0.00580483574704293, -0.011985872346643743, -0.016674858216711913, -0.022917119700084265], [-0.6461574894718725, -0.7083438829512788, -0.6297951719065167, -0.5670485589774329], [-0.9083243705066428, -0.8866715042254403, -0.8178266560252712, -0.662703293659225], [-0.7757423882726122, -0.5398353129237542, -0.5141762058139647, -0.4095652764805417], [0.08379103963555282, 0.039101828137232814, 0.04721106497022309, 0.06542454129050398], [0.7533794932328806, 0.6941371025432992, 0.5126757270243023, 0.36517420660814526], [0.996963787533349, 0.8672574674642438, 0.6237341135782999, 0.44652884094218115], [0.7033878960430091, 0.3415027479145054, 0.364842816320912, 0.24302750061312597], [-0.016890030390316058, -0.050340380903643546, -0.06311120067909536, -0.03174961856171967], [-0.29734330648631274, -0.5145530525114465, -0.38835628253020804, -0.28456931593031615], [-0.9023644476128805, -0.6027663639402403, -0.4447071774257749, -0.27736004678894016], [0.16618912119212848, -0.2761541786033826, -0.24476017667110284, -0.1399866397490015], [-0.05984456965582885, 0.07201838799987008, 0.06232587588707668, 0.04319139233657011]], "results_at_noise_errors": [[0.2822136467875507, 0.20750955007840183, 0.03460879599841758, 0.1866292063261538], [0.18668671714051804, 0.1312364338388537, 0.04067426661435786, 0.09073564491912893], [0.8247722862407362, 0.40277300698532703, 0.0376521110525296, 0.26852941036153377], [1.2981254358736691, 0.7212523082388844, 0.035717671535068767, 0.44535607868533666], [1.0570290520743, 0.6116687188187611, 0.04001098378221624, 0.31636654228259764], [0.6362710210219409, 0.2661022750041943, 0.04189918726493595, 0.19313096761804807], [1.748432099336082, 0.7016608474970824, 0.040171023505735814, 0.35892186210387667], [2.48769616905962, 0.969317982459245, 0.03854803311920816, 0.4075932214282556], [1.644645669563852, 0.7443419263820139, 0.042450154009898565, 0.2868886188183245], [1.276287460733894, 0.42064549270281604, 0.044422183860003205, 0.18434393494082307], [3.1309516030260447, 0.974739527375132, 0.03928699456462147, 0.2815497164295821], [4.107535687385919, 1.2268778300476313, 0.04086409271800317, 0.3468972293959027], [3.0501284176768566, 0.8397895870055938, 0.04263819410015524, 0.23945768002146034], [2.0238631115886307, 0.5191751855029662, 0.04302898234913466, 0.16631214361232688]], "noisyresult": [0.1396484375, -0.02978515625, 0.0234375, -0.06982421875, -0.0107421875, -0.0087890625, 0.462890625, 0.525390625, 0.0185546875, 0.052734375, -0.0283203125, 0.0166015625, -0.13671875, 0.056640625], "res": [0.00066650390625, -4.541015625e-05, -0.0007080078125, -0.0009482421875, -0.00060205078125, 5.224609375e-05, 0.00065185546875, 0.0008154296875, 0.00051953125, -9.521484375e-05, -0.00055322265625, -0.000666015625, -0.0003564453125, 6.93359375e-05]}