{"results": [0.7213322412198515, -0.010902913784261357, -0.7206761150156373, -0.8953404922612298, -0.6913112819420184, 0.05888956751380832, 0.719118986767621, 0.9718274097907011, 0.5188704362641215, -0.10470404093875005, -0.5404708824111265, -0.5996474315300905, -0.31976657490010046, 0.08740246606505783], "results_errors": [[0.10544445469544457, -0.13916941930456372], [0.04912499422151932, -0.5279007508970653], [0.2845797574317201, 0.3761708856859218], [0.4540238991703392, 0.4926780738820153], [0.6177525078946554, 0.8538291336549421], [0.5758243190655337, -8.90909255764743], [1.4750096762383236, -2.0277894330807253], [3.4691473433871334, -3.506689599546528], [1.4307038184411418, -2.4680123288346696], [1.4861575057866143, 17.19339248665411], [1.8827812309971352, 3.472548590841238], [1.6959829526752292, 2.8346064900221615], [1.2404884833983476, 3.855267479660216], [1.0352346697866122, -15.330882447033648]], "results_at_noise": [[0.6336958522887457, 0.7048149938331091, 0.6495682513201404, 0.5682762515565917], [-0.014436800691206897, -0.019585837288427447, -0.007828360443548394, 0.0071673911188792905], [-0.8010754112701103, -0.6317420180673321, -0.5485596211729831, -0.4310493623400771], [-0.9924442999167841, -0.7689997130452353, -0.6854746385749071, -0.5343942713682106], [-1.0215950126832969, -0.5536032678110028, -0.42259916365733574, -0.28397936925139916], [-0.009028495351902123, 0.09331708156530169, 0.030537854940722576, 0.01929610016344655], [1.1258495498374164, 0.405952198981005, 0.3711405882847933, 0.20177727848355903], [0.8557458035722533, 0.5490499283180049, 0.43982046422370746, 0.2073553082824394], [0.35180573211541133, 0.4869903375074933, 0.25131621696012013, 0.1405219234576389], [-0.3908727754934543, -0.15891567898337608, -0.03834900786050469, -0.012598426216025941], [0.2765564614596021, -0.4594972008325905, -0.24353257287620778, -0.10456494771181017], [0.444006355232878, -0.5324650212031684, -0.28417496646379187, -0.1416976558935523], [2.7710161717101958, -0.11899591106461482, -0.14997899168771503, -0.06103312351947979], [2.8019644038801284, 0.09007813906483034, 0.03969952215113024, 0.0018597249886457157]], "results_at_noise_errors": [[0.7011656997461666, 0.3505173985746472, 0.06421103711964157, 0.32814606759813153], [0.31394345236188925, 0.25686085056724006, 0.06970954152539957, 0.2114370895502276], [1.4548486678293115, 0.7061600113130491, 0.06769707192435998, 0.33221794410630107], [2.7136320118031994, 1.1737030042971799, 0.06836569350507352, 0.39509696606097905], [2.482707172147819, 0.904257871146224, 0.07178821113109798, 0.31568306770251103], [1.8178624949139208, 0.42467332130942215, 0.0701614961982638, 0.21627948390851606], [4.878004711939389, 1.3236578717036513, 0.0693755126598985, 0.3231623774403438], [7.872360649145834, 1.8017649246429828, 0.07052574713920515, 0.3734205623099754], [7.8132287261049935, 1.3419872515277045, 0.0721705092628635, 0.2403533002978977], [6.543897823031992, 0.9642469286354053, 0.07012701937500965, 0.17642527730287252], [15.541189709537, 1.9801289592837572, 0.07071763340492782, 0.2511297044138598], [23.17240958369704, 2.5511604509550527, 0.07069856123999016, 0.24424495726733247], [22.509612178789588, 2.054287978349233, 0.07378515363331485, 0.18320549741444944], [24.225686435038572, 1.6525147630791102, 0.07184883948630902, 0.15251702102639245]], "noisyresult": [-0.00048828125, -0.00439453125, -0.0537109375, -0.001953125, 0.01904296875, -0.0009765625, 0.0009765625, -0.0078125, -0.01416015625, 0.01220703125, -0.00146484375, -0.0078125, -0.00048828125, 0.00341796875], "res": [0.0006865234375, -3.3203125e-05, -0.00067724609375, -0.00093701171875, -0.0006015625, 3.3203125e-05, 0.00064990234375, 0.0008046875, 0.0004833984375, -5.56640625e-05, -0.00055419921875, -0.0006630859375, -0.0003740234375, 6.689453125e-05]}