{"results": [0.740619564584682, -0.0016211015543816714, -0.7833983074396688, -1.0938857305835687, -0.877695029184783, 0.04210047046021717, 0.7297820416436148, 1.0395073857136528, 0.5833502844346792, -0.08197709113377066, -0.5784075203558342, -0.7387614517643321, -0.3463871244713581, 0.0713305837707573], "results_errors": [[0.09199170837021631, -0.11355482201113062], [0.07801330810742718, 2.3000749422430147], [0.5116324730319461, 0.635036661139391], [1.6017472758467783, 1.4371129474128863], [2.470413811519401, 2.631738180657459], [0.6888674924126896, -13.570173912870533], [1.9569765587983268, -2.5599433640059583], [4.558523397200701, -4.347290844186708], [2.34427911113666, -3.927170526677471], [1.7667459189755026, 24.90722022331225], [2.459979840743653, 4.38955116352039], [4.060172679258138, 5.042628155019423], [1.644202139827924, 4.794786540836617], [1.6094887910999058, -143.66109283646625]], "results_at_noise": [[0.7857009111709072, 0.716298329293335, 0.6590421241695619, 0.6001431354321982], [-0.042961495496969454, -0.0013360640580662927, -0.001300255681212122, 0.02969424309324646], [-0.49024836455590437, -0.8043779044004469, -0.5442500494252073, -0.39436248971628823], [-1.2505902718367903, -0.7922121738961463, -0.6767759726711347, -0.42410643091668504], [-0.9366290187844118, -0.6974666869636628, -0.41843435674588353, -0.2225634847034054], [0.09875242586096067, 0.05519813781806096, 0.028726696070271597, 0.030357407521048155], [0.5087376406349451, 0.8761601087397948, 0.3703492090149325, 0.2127261908959929], [4.378061342588604, 0.886428214205832, 0.4470590738357756, 0.1863346977876886], [-0.46222573616124224, 0.4062773919384875, 0.25206403732174937, 0.07663599429836715], [-0.7517261246093465, -0.18408469713358722, -0.03674485217426088, -0.009639421720057878], [0.5223293092806873, -0.5795115302923757, -0.2475356423184056, -0.07464350999644871], [-0.44548686039230123, -0.16189544153111926, -0.2810683630265116, -0.07345222705742299], [9.591178822986567, -0.4956441842248266, -0.14419656764772387, -0.045795006385570367], [-14.750508043167018, 0.03943332721399736, 0.02914907911671745, 0.0009328310161286326]], "results_at_noise_errors": [[0.7724707693648076, 0.4599236390167252, 0.06471513905473276, 0.2570250445000135], [0.5864349221182497, 0.2649790370295979, 0.07115476579835028, 0.19257053131060603], [2.5300890482920204, 0.8724279994539725, 0.0681069404711247, 0.3745942409937325], [5.110540042660549, 1.69421571907337, 0.06913843090083056, 0.5000514522883498], [5.653798990429918, 1.411042805030994, 0.07082344655244105, 0.3666669335353681], [4.802208816742148, 0.8867961303743384, 0.06885301772400665, 0.24129855261906744], [14.607952289524171, 2.2077867467706427, 0.06741285462181776, 0.31476673761100216], [26.016186143665863, 3.340358435913755, 0.07148933354684953, 0.36110424939568114], [30.60776130219531, 2.8159466646089952, 0.0693635551546244, 0.26266775558363076], [31.64892785133772, 2.0187730046079055, 0.0710006897246403, 0.2137648502003747], [82.13958336827014, 4.578977381620151, 0.07040505956669187, 0.257959599707124], [142.46680336574616, 6.369454791516677, 0.07297533126186534, 0.2711191930881638], [168.79420667641577, 5.434281525342987, 0.07041161075179836, 0.19925279175046678], [227.9183907316665, 4.817370822113361, 0.07014149629166733, 0.16671432907670056]], "noisyresult": [-0.001953125, 0.03564453125, 0.00732421875, 0.0, -0.005859375, -0.00146484375, -0.0009765625, -0.00341796875, 0.02490234375, -0.00048828125, -0.00537109375, 0.00146484375, 0.0146484375, -0.00537109375], "res": [0.0006845703125, 1.416015625e-05, -0.00069921875, -0.0009365234375, -0.00062451171875, 5.2734375e-05, 0.00064013671875, 0.00082177734375, 0.00050927734375, -8.0078125e-05, -0.0005556640625, -0.0006416015625, -0.0003916015625, 0.0001103515625]}