{"results": [0.7204870910963832, -0.002480608446692784, -0.7228490060472809, -1.002701317132662, -0.6353736590948208, 0.0478059616320642, 0.8202715307995099, 0.8182802104574568, 0.5178366852715384, -0.054318734817436244, -0.5529052961208308, -0.6046071828264629, -0.32861838970262996, 0.08201127072403455], "results_errors": [[0.07259579114610756, -0.09166339138071851], [0.06128432322386443, -0.07005609274794422], [0.31676917163178175, 0.4166528594299761], [0.6743290943806478, 0.6500655134239449], [0.5269191791219914, 0.8016274622640431], [0.6310136566070805, -43.727497210122564], [2.0038089775196184, -2.4000141613892048], [1.6101885701570757, -1.905573900103875], [1.1802709418687451, -2.1245862150592743], [0.7312606226330745, 17.20134905428722], [1.903997180442909, 3.4883540797531345], [1.6117600840543749, 2.613091160766607], [1.1102851620628647, 3.3888569969214557], [0.8152349353123716, -6.439028436997179]], "results_at_noise": [[0.7177089570808003, 0.6969582274668129, 0.6558148689067745, 0.6024696594968406], [-0.005478275536033949, -0.008299990026946103, -0.000928634610456646, -0.002106517259636992], [-0.809717772435148, -0.6267682519937212, -0.5366737739044242, -0.41704044741112467], [-0.9666292632464782, -0.8420799791349981, -0.6893102471559887, -0.480274485428551], [-0.41222542814772517, -0.5612312465685791, -0.4192217655838464, -0.2769708952772946], [0.1014623507383837, 0.01254202314007425, 0.025555276506812524, 0.005798762225563511], [0.8545737482002868, 0.6275303748362341, 0.3784189460323485, 0.19701436127389724], [0.5581276025797627, 0.33279155625791923, 0.44782263775209386, 0.246772755604119], [-0.5167575319462165, 0.43355227012270536, 0.2631875294441948, 0.139306815063319], [-0.49140816964426653, -0.08976286169552913, -0.034522249524608785, -0.026964789180043074], [2.4661016654828494, -0.3740978610155793, -0.24598689117242611, -0.10491504064539106], [1.135560197875115, -0.03812452370497582, -0.28224202386590835, -0.12359502407932488], [-1.9181937704157104, -0.4153938635964036, -0.14642722089972635, -0.06708397823362898], [1.48527643501891, -0.031678427018946964, 0.03686149896616318, 0.01067074518770748]], "results_at_noise_errors": [[0.6141769331346202, 0.3753827999985042, 0.06559363267878837, 0.24725544198273486], [0.3771685674805748, 0.25903494507250663, 0.0662152739219443, 0.19496782509739513], [1.4206628095615765, 0.7010504848283988, 0.06831071422160742, 0.34165810141071884], [2.549052879961475, 1.0866838318512984, 0.06415112937541168, 0.42261522737992163], [2.6051054496652415, 0.9068873563249018, 0.07167020014220778, 0.32637522511854883], [1.8307763348217858, 0.4972603762064901, 0.0716890037829182, 0.17164065008651186], [4.836777992844877, 1.2202859284620016, 0.07120623798427167, 0.33184282907615725], [7.821269396866641, 1.849793668534709, 0.07203743938767881, 0.34223842306414193], [7.395348114887549, 1.3415028700780156, 0.0717139783032874, 0.2454792111537448], [7.372585904060729, 0.9413406711129347, 0.06755517235797767, 0.170533419127047], [14.61926918786471, 1.9110626557320383, 0.07454258923516759, 0.24682525989846488], [22.48358686343048, 2.432401416763655, 0.07110953018182044, 0.2432911489795832], [21.121622963797847, 1.891222631859039, 0.07180680130571632, 0.1770948217055332], [24.47531937297725, 1.5653532368820038, 0.06972845218711407, 0.14302856169326283]], "noisyresult": [-0.0009765625, 0.072265625, 0.00146484375, 0.0009765625, 0.00048828125, 0.0, -0.0029296875, 0.00048828125, 0.001953125, -0.01611328125, 0.0048828125, -0.001953125, -0.00048828125, -0.01025390625], "res": [0.000685546875, -2.587890625e-05, -0.0006923828125, -0.00093115234375, -0.00059814453125, 5.46875e-05, 0.0006435546875, 0.00082275390625, 0.000505859375, -9.033203125e-05, -0.0005703125, -0.0006630859375, -0.000365234375, 0.00010205078125]}