{"results": [0.6961307758751393, -0.010241170954101738, -0.7201193683321934, -0.9623735249626912, -0.6327301507762656, 0.059323847856184275, 0.6712378164290459, 0.8489412523607065, 0.53131107079256, -0.07376354697139625, -0.5371438204885469, -0.6356714945636253, -0.34146818169674414, 0.08042433515536332], "results_errors": [[0.06500019677831678, -0.08388107147389635], [0.053304646070278836, -1.5849889066830263], [0.3159413154697719, 0.4240763086735315], [0.6620087906251504, 0.6715818505172662], [0.5256629277714495, 0.7988694506515647], [0.7759020865604549, -14.680971434821293], [1.144496258649889, -1.6625962901162792], [1.858766534602119, -2.1618451915813517], [1.3201647197240232, -2.4178708626200516], [1.0475334618740948, 16.28047801119612], [1.8533507753678111, 3.4911424548877585], [2.1262698057442107, 3.4217541185417106], [1.2534806379777192, 3.721163502322213], [0.9566243011642346, -13.801523247601125]], "results_at_noise": [[0.6965428956489194, 0.6841202462488382, 0.6507985691477932, 0.6119927393847121], [-0.04052859479469157, -0.016067734725018063, -0.003330408457838522, 0.007988271654951869], [-0.7183728369186979, -0.6263887363318785, -0.5420301580275448, -0.4130204792073135], [-1.0197402665429007, -0.7847409635810116, -0.6833276080051089, -0.4923227557113929], [-0.6453153051148061, -0.49782563318250905, -0.4191717531752461, -0.2802028229267458], [0.14882692191589134, 0.043030877452829505, 0.028239044048922416, 0.009665223200405096], [0.5656938324375598, 0.4263539174244956, 0.37418434294634434, 0.21211332273090444], [0.8841533468524035, 0.5420367439116484, 0.4426548442862701, 0.24205183282120063], [0.6389589787002536, 0.38227664755218266, 0.2550604488401079, 0.12968414444139623], [-0.05807128160327679, -0.05824413967661567, -0.035513094594211675, -0.014457825738907784], [-1.2512742734586435, -0.3774342750537753, -0.24434931905442603, -0.11216765862886108], [-0.6546835893175893, -0.4830960602045367, -0.27670988470831975, -0.11392851402154723], [0.22697394545512165, -0.20092407649424054, -0.14932078812235058, -0.05984582254819135], [-0.31012433222825103, 0.07078374715196029, 0.03361189059063757, 0.012484354427157349]], "results_at_noise_errors": [[0.6426603074144029, 0.3901287165409527, 0.06493818884530866, 0.23245417150360714], [0.4259055259473078, 0.20969575487089948, 0.0693826940540605, 0.19030290370207004], [1.4984416973797519, 0.7201509755786526, 0.06685126613517466, 0.35157071575494403], [2.7162147273559327, 1.1683945768235935, 0.06654362623904553, 0.4252803400536737], [2.670442884006685, 0.961713433244475, 0.07056933765172926, 0.31947046546877966], [1.9833392498319657, 0.5143714981926251, 0.07238271485795951, 0.20671859045179108], [5.1070304245818, 1.3377524598282213, 0.06987899482679512, 0.31370916344950117], [8.244963156050957, 1.8478831060189786, 0.07117403011199952, 0.3456689528246979], [7.990351544045167, 1.4002268241073348, 0.07039496465999646, 0.2488295569203707], [7.371291170588542, 0.9155703432834431, 0.07176163849311261, 0.17795721798632474], [15.730947406098185, 2.008129513735778, 0.07093337958860943, 0.24092119325313008], [23.874616601096797, 2.5698189479900835, 0.07220752581068296, 0.25258689693554837], [24.21948836908766, 2.048026037072019, 0.07255832561430332, 0.18338622452984366], [26.6917294114158, 1.6236378873103938, 0.07202576529627217, 0.1479389956730522]], "noisyresult": [0.0009765625, -0.01318359375, 0.00048828125, 0.0048828125, 0.0, 0.03564453125, -0.00537109375, -0.0009765625, -0.0087890625, 0.0087890625, 0.00634765625, 0.00244140625, 0.015625, -0.001953125], "res": [0.00069140625, -4.00390625e-05, -0.000701171875, -0.0009423828125, -0.00060400390625, 4.833984375e-05, 0.00066162109375, 0.0008349609375, 0.000474609375, -7.568359375e-05, -0.0005546875, -0.00064306640625, -0.0003759765625, 6.103515625e-05]}