{"results": [0.7056084240414711, -0.02588264159293306, -0.7270317695013501, -0.9601194899017776, -0.6228345336258408, 0.08301876698601338, 0.6231513448670571, 0.8159160335566407, 0.5508573071320518, -0.07749993852934416, -0.5745448893340638, -0.6853000431868532, -0.3756776809710009, 0.11527347559589834], "results_errors": [[0.03520480883795246, -0.04733150809435626], [0.012804021585789966, 0.6047897197564926], [0.07598147510463642, 0.10103977548557319], [0.1367108994794312, 0.1381633394622444], [0.14763878315030482, 0.2255715831901604], [0.08151160569057878, -0.8748167032887701], [0.18477609456049338, -0.2910282403999821], [0.31671864915270004, -0.380664564679624], [0.3021612594216976, -0.5250414399286918], [0.08294042891344908, 1.1243310742050925], [0.3795791391249257, 0.6417275135959684], [0.5827205170169075, 0.8664857805059529], [0.2683967755411212, 0.7191975487340478], [0.2381620693653136, -2.3588042022917857]], "results_at_noise": [[0.7071109426634673, 0.66122007996943, 0.6708371894392232, 0.6335007804044781], [-0.03440110485175605, -0.009489349493272568, -0.015357463217145647, -0.01963148175388471], [-0.7376148990773513, -0.7371476766298902, -0.6331821814094936, -0.5832876863984043], [-1.012868442371596, -1.0019397518976358, -0.8192196667334234, -0.7494642434157324], [-0.4924192254196968, -0.5561556934140148, -0.514506111864312, -0.414558149394001], [0.10731533308021635, 0.07155902973043397, 0.04722095007414019, 0.051879345300379694], [0.31199081781838855, 0.6177657064788827, 0.512068712944974, 0.414583436386853], [0.9532048896838539, 0.7962853751440933, 0.6243410782804466, 0.5061455765078309], [0.6562699008892732, 0.5048014053076426, 0.3625671193181258, 0.2680723830247339], [-0.07866282630806601, -0.05940143290209264, -0.05799025829720254, -0.0426316588286479], [-0.5286664401712812, -0.5055511083298065, -0.3898104098047871, -0.26974266850566486], [-0.5793176044577667, -0.4725394935036207, -0.4480307299176418, -0.29259270567692003], [-0.41125352975992097, -0.328108149715692, -0.23864567687508179, -0.1592539334156319], [0.22149465558071718, 0.08877178224012035, 0.06253534820824586, 0.04567002200514976]], "results_at_noise_errors": [[0.33562578212627747, 0.30006793076023763, 0.03532079733861876, 0.2146390394880321], [0.15574133403594537, 0.11839792955126657, 0.04148006887654686, 0.10711805396239726], [0.6976065255702497, 0.3135258435294463, 0.03730221046561501, 0.2501464074849028], [1.1041900860940561, 0.49654812824909567, 0.03386632891034992, 0.304850059872903], [1.022881326204967, 0.5234311280451347, 0.038713211067382375, 0.3009258733810787], [0.46520422455805804, 0.23198974557735302, 0.04169266948460613, 0.16072158012618676], [1.5127740264446063, 0.6452383733272928, 0.04154699929422311, 0.3095151618591471], [1.9665190671470163, 0.8544115386151382, 0.040363789279286265, 0.3306780200120596], [1.4499793853183789, 0.5792938138953153, 0.04191115444758111, 0.259667357329572], [0.7409015118635902, 0.32982224604984156, 0.04480427664244695, 0.16549105659465443], [2.2920221522161084, 0.7984185958986617, 0.04106491644666871, 0.29864833327074647], [3.0594263873651832, 1.0797761939290251, 0.039768074873391145, 0.3419767748209164], [2.1886231944529104, 0.6800145884914747, 0.03856740821554176, 0.21440510614235395], [1.310821020829897, 0.3350519742823914, 0.04184631665829242, 0.14844521962067092]], "noisyresult": [0.54248046875, 0.044921875, 0.02001953125, -0.04736328125, -0.0224609375, 0.09765625, 0.0205078125, 0.025390625, 0.0068359375, 0.01611328125, 0.07958984375, -0.00244140625, 0.0224609375, -0.01953125], "res": [0.0007021484375, -2.24609375e-05, -0.00068994140625, -0.000927734375, -0.000615234375, 6.34765625e-05, 0.00064794921875, 0.00081884765625, 0.0005126953125, -8.69140625e-05, -0.00057666015625, -0.0006845703125, -0.000361328125, 6.494140625e-05]}