{"get_expectations": [1.6248090542943154, 1.1053239610294756, 1.0212997683212974, 0.8435893264540695], "get_strengths": [0, 0.5, 1, 2], "_data": {"0": 1.6248090542943154, "0.5": 1.1053239610294756, "1": 1.0212997683212974, "2": 0.8435893264540695}, "_dataStatistic": {"0": [1.6248090542943154], "0.5": [1.1053239610294756], "1": [1.0212997683212974], "2": [0.8435893264540695]}, "_counts": {"0": 1, "0.5": 1, "1": 1, "2": 1}}