{"get_expectations": [0.9448658756376245, 0.7183733203329513, 0.6658988606910964, 0.6228715496925948], "get_strengths": [0, 0.5, 1, 2], "_data": {"0": 0.9448658756376245, "0.5": 0.7183733203329513, "1": 0.6658988606910964, "2": 0.6228715496925948}, "_dataStatistic": {"0": [0.9448658756376245], "0.5": [0.7183733203329513], "1": [0.6658988606910964], "2": [0.6228715496925948]}, "_counts": {"0": 1, "0.5": 1, "1": 1, "2": 1}}