{"get_expectations": [0.43605162522908875, 0.1753539186368918, 0.07668457709097197, 0.09533191960762909], "get_strengths": [0, 0.5, 1, 2], "_data": {"0": 4.360516252290887, "0.5": 1.7535391863689178, "1": 0.7668457709097197, "2": 0.9533191960762909}, "_dataStatistic": {"0": [-1.8253323846799065, 1.095199430807944, 1.622517675271028, -0.22309618034976636, 6.003315398502804, -1.5819547333892525, -0.5070367735221962, -0.2028147094088785, -0.24337765129065422, 0.22309618034976636], "0.5": [0.006518733034828691, 0.4693487785076657, -0.4106801811942075, -0.10429972855725905, 0.4106801811942075, 0.5410548418907813, 0.5345361088559526, 0.4954237106469805, 0.22163692318417547, -0.4106801811942075], "1": [0.004190414048686993, 0.0628562107303049, 0.0649514177546484, 0.10056993716848783, 0.08171307394939636, 0.0607610037059614, 0.07123703882767889, -0.0020952070243434964, 0.11314117931454881, 0.20952070243434964], "2": [0.14037887063101426, 0.1257124214606098, 0.16552135492313622, -0.027237691316465456, 0.03561851941383944, 0.03142810536515245, 0.07752265990070938, 0.13828366360667077, 0.1257124214606098, 0.14037887063101426]}, "_counts": {"0": 10, "0.5": 10, "1": 10, "2": 10}}