{"results": [0.6979010612038006, -0.020005384019590684, -0.7155317118488258, -0.9556126389634355, -0.6218739258506427, 0.06153132059413755, 0.6528254001632804, 0.8466089439582399, 0.5296755699237276, -0.08333018586554902, -0.5770718573764554, -0.6970324610720549, -0.39273995989815796, 0.09017601046488702], "results_errors": [[0.03132197352871222, -0.04237927342503375], [0.010568797366103066, 0.5352563266506589], [0.0968519639134202, 0.13218202678043123], [0.20301729450501815, 0.21058714285266594], [0.13360256545212018, 0.20888266814886025], [0.05516463470656986, -0.8801726905502413], [0.2193168644647911, -0.3357015492321805], [0.4313136142063524, -0.5114556567343733], [0.27584792972068783, -0.5162652428283739], [0.10332133485196143, 1.4360218464525765], [0.39037458540997577, 0.6896993813655303], [0.6104189981115633, 0.8927793310733811], [0.3164993252169123, 0.8070852309793453], [0.17337454452914927, -2.400204152946246]], "results_at_noise": [[0.6858709939476966, 0.6846651311464551, 0.6705652190210349, 0.6413124664000551], [-0.01873115501877446, -0.017934208665065766, -0.0185099448190034, -0.01538481161415253], [-0.7243029557146778, -0.669621534032597, -0.6315308366931555, -0.5591499777851596], [-0.9387335332705594, -0.8960021886707434, -0.8167482876310742, -0.7033817146764307], [-0.6235305249754859, -0.5712245939190075, -0.5138330114703624, -0.4292785186574064], [0.059041914233469564, 0.052376714380058795, 0.048557485787517556, 0.038522820622573235], [0.6690856185820293, 0.5803091366302945, 0.5101126648836943, 0.4047768232548704], [0.8425093863607366, 0.7349404262882154, 0.6208612095190567, 0.4661304134766678], [0.5317871674435096, 0.4357702491615968, 0.36508423016161207, 0.25620854288066636], [-0.10506534241793179, -0.06229449454265583, -0.05994626113244233, -0.043628093452575276], [-0.645724725579905, -0.48892300244274056, -0.3889621041272089, -0.2756008470567602], [-0.5776343278422804, -0.6030631746017104, -0.4462758210690596, -0.2997424383495958], [-0.48166823683557375, -0.31299074016983736, -0.2436521782376054, -0.1609323745849448], [0.10441944465027858, 0.06960821984769097, 0.06137945704803041, 0.04232420490784526]], "results_at_noise_errors": [[0.3823595886118063, 0.24184409108808552, 0.035485806892635044, 0.1932101641780571], [0.1706636855608922, 0.09882356840080533, 0.04258605495452959, 0.13467815283293552], [0.7073576194407646, 0.4379992447826212, 0.03730470468595863, 0.2884607268430195], [1.17759454688696, 0.6542894086985218, 0.032855517334227646, 0.37931164237347753], [0.9545902085340112, 0.5107743274149301, 0.03991068537324157, 0.2793572244942151], [0.4295413531817446, 0.20348324074698665, 0.04297278096088447, 0.17226611161289054], [1.416741432479239, 0.6787964068881249, 0.040204448429980374, 0.3077923053871223], [1.9897910477609655, 0.8991189468300644, 0.038061722076375204, 0.38960492652983714], [1.4924835284867237, 0.6216267537413186, 0.04180882061621402, 0.2805281470710247], [0.8269711391992252, 0.31595101326211134, 0.042713078095759825, 0.1717893273395807], [2.2135795893326184, 0.8166183225858019, 0.0415856888741998, 0.2934003159631001], [2.9599823812965, 0.9991675310382682, 0.04077676174078118, 0.33222110346674066], [2.0973928000286675, 0.6628616525352158, 0.04332211131095111, 0.22258999600040885], [1.498289715940006, 0.4044665640598241, 0.043245071927141575, 0.16164029958382659]], "noisyresult": [0.683, -0.0225, -0.5635, -0.7445, -0.483, 0.0635, 0.519, 0.64, 0.3995, -0.018, -0.3345, -0.4065, -0.203, 0.074], "res": [0.7055, -0.0515, -0.692, -0.963, -0.616, 0.0235, 0.6695, 0.8495, 0.508, -0.0605, -0.546, -0.6815, -0.38, 0.092]}