{"get_expectations": [1.0174494938472955, 0.867701722801797, 0.9858460168154332, 0.991949544598283], "get_strengths": [0, 0.5, 1, 2], "_data": {"0": 101.74494938472955, "0.5": 86.77017228017971, "1": 98.58460168154332, "2": 99.1949544598283}, "_dataStatistic": {"0": [1.5689890260582955, 1.462616888698411, 1.4925340523308785, 1.4659410179909074, -1.4393479836509362, 1.6188509654457413, 1.6387957412007197, -1.625499224030734, -1.5290994745483386, -1.6554163876632015, 1.55569250888831, 1.479237535160893, -1.4991823109158713, 1.479237535160893, 1.6122027068607485, 1.642119870493216, 1.642119870493216, 1.632147482615727, 1.5158029573783531, 1.5989061896907628, 1.632147482615727, 1.632147482615727, 1.505830569500864, 1.6288233533232306, 1.4925340523308785, 1.6387957412007197, 1.6155268361532449, 1.4393479836509362, 1.632147482615727, 1.4360238543584398, 1.4559686301134183, 1.4592927594059146, 1.5989061896907628, 1.632147482615727, 1.632147482615727, 1.505830569500864, 1.479237535160893, 1.4925340523308785, 1.4925340523308785, -1.6188509654457413, 1.6288233533232306, -1.5025064402083677, 1.5889338018132737, 1.4692651472834037, 1.462616888698411, 1.4426721129434326, 1.6387957412007197, 1.479237535160893, 1.6387957412007197, -1.6221750947382376, 1.495858181623375, -1.4725892765759, 1.4858857937458858, 1.6387957412007197, 1.5025064402083677, 1.6554163876632015, 1.632147482615727, 1.4925340523308785, 1.5091546987933604, 1.4991823109158713, 1.4991823109158713, 1.5789614139357846, -1.6188509654457413, 1.419403207895958, 1.4991823109158713, 1.6188509654457413, 1.4493203715284255, 1.6155268361532449, 1.642119870493216, 1.6288233533232306, -1.6122027068607485, 1.4991823109158713, 1.4692651472834037, 1.4493203715284255, 1.6554163876632015, 1.6055544482757558, 1.4892099230383822, 1.6520922583707052, -1.4227273371884543, 1.6387957412007197, 1.4892099230383822, 1.479237535160893, 1.4858857937458858, 1.5191270866708495, 1.4892099230383822, -1.6520922583707052, 1.479237535160893, 1.5025064402083677, 1.5091546987933604, 1.4892099230383822, -1.4858857937458858, -1.462616888698411, 1.6221750947382376, -1.642119870493216, 1.4892099230383822, 1.4925340523308785, 1.532423603840835, 1.4991823109158713, -1.462616888698411, 1.5124788280858568], "0.5": [1.3119343225413553, 1.2960641492848064, -1.1664577343563258, -1.1638127054802343, 1.2828390049043492, 1.2960641492848064, 1.1929080231172404, 1.1955530519933317, 1.298709178160898, 1.293419120408715, 1.184972936488966, 1.1717477921085087, 1.288129062656532, 1.184972936488966, 1.2775489471521664, 1.3145793514174464, 1.1823279076128745, 1.1479425322236858, 1.1717477921085087, 1.2722588893999836, 1.1452975033475943, 1.1691027632324171, 1.3145793514174464, 1.1955530519933317, -1.2960641492848064, 1.1770378498606915, 1.1981980808694233, 1.190262994241149, 1.1717477921085087, 1.3172243802935382, 1.3198694091696295, 1.1743928209846002, 1.2828390049043492, 1.2828390049043492, 1.288129062656532, 1.1876179653650574, 1.2960641492848064, 1.3066442647891723, -1.2167132830020633, 1.274903918276075, 1.288129062656532, 1.256388716143435, 1.208778196373789, 1.2061331674976976, 1.1691027632324171, 1.2854840337804407, 1.2907740915326236, 1.1664577343563258, 1.1955530519933317, -1.1479425322236858, -1.2907740915326236, 1.1770378498606915, -1.3119343225413553, 1.3198694091696295, 1.2828390049043492, 1.1929080231172404, 1.280193976028258, 1.2114232252498804, 1.1876179653650574, 1.2907740915326236, 1.1585226477280515, 1.1981980808694233, -1.1505875610997771, -1.1981980808694233, 1.274903918276075, 1.203488138621606, -1.298709178160898, 1.2775489471521664, 1.1743928209846002, 1.1823279076128745, -1.1929080231172404, -1.2907740915326236, 1.2907740915326236, -1.1505875610997771, 1.1955530519933317, 1.1400074455954115, 1.1981980808694233, 1.1532325899758686, 1.1479425322236858, 1.298709178160898, 1.3172243802935382, 1.227293398506429, 1.227293398506429, 1.2828390049043492, 1.3092892936652636, 1.132072358967137, 1.1717477921085087, 1.2114232252498804, 1.274903918276075, -1.298709178160898, 1.184972936488966, 1.2854840337804407, 1.3066442647891723, 1.288129062656532, 1.293419120408715, 1.3013542070369892, 1.3039992359130808, 1.2854840337804407, 1.1638127054802343, -1.1823279076128745], "1": [1.0354950583317872, 1.0249717345682527, 1.0270763993209597, 0.9386804797072705, 1.0165530755574252, 1.0354950583317872, 1.0312857288263735, 1.020762405062839, 0.9702504509978738, 1.0291810640736665, 1.0354950583317872, 0.9323664854491499, 1.0354950583317872, 1.0165530755574252, 0.9281571559437362, 0.9155291674274948, 1.0439137173426147, 1.0502277116007355, 0.947099138718098, 1.0186577403101322, 0.9260524911910293, 0.9534131329762188, 0.9597271272343394, 0.9281571559437362, 1.0354950583317872, 0.9239478264383224, 1.0375997230844942, 0.9323664854491499, 0.9344711502018568, 1.022867069815546, 0.9786691100087014, 1.0249717345682527, 0.9239478264383224, 1.0270763993209597, 0.9449944739653912, 0.9428898092126843, 0.947099138718098, 0.9576224624816325, 1.0333903935790802, 0.9344711502018568, 1.020762405062839, 1.0354950583317872, 0.9449944739653912, 1.0333903935790802, 0.9513084682235119, 1.039704387837201, 0.9555177977289256, 1.0249717345682527, 1.0481230468480285, 0.9428898092126843, 1.022867069815546, 1.0375997230844942, 1.020762405062839, 1.0270763993209597, 1.0312857288263735, 0.947099138718098, 0.9365758149545637, 0.947099138718098, 1.039704387837201, 1.0333903935790802, 1.039704387837201, 0.911319837922081, 1.039704387837201, 1.022867069815546, 0.930261820696443, 0.9407851444599774, 1.0354950583317872, 1.022867069815546, 0.947099138718098, 1.0312857288263735, 0.9323664854491499, 1.0354950583317872, 0.9534131329762188, 0.9576224624816325, 1.0333903935790802, 1.039704387837201, 0.9576224624816325, 0.9344711502018568, 0.9449944739653912, 0.9513084682235119, 1.0333903935790802, 0.9513084682235119, 0.9618317919870463, 1.0375997230844942, 1.0312857288263735, 0.947099138718098, 0.9681457862451669, 1.020762405062839, 1.0312857288263735, 0.9218431616856154, 0.9155291674274948, 0.9218431616856154, 0.9134245026747879, 0.947099138718098, 1.0249717345682527, 1.0481230468480285, 1.0060297517938908, 0.9344711502018568, 0.9386804797072705, 0.9050058436639604],