{"results": [0.9854835678930032, 0.9805033725746932, 0.9981465021916521, 0.9949299080299189, 0.9802263720466262, 0.9868865384612311, 0.9943710516091786, 1.025099728174147, 0.9879702340979237, 0.9937867909433903, 1.014212535397918, 1.0044175755147389, 0.9739357499485028, 1.0043542740734006], "results_errors": [[0.032026180072107564, -0.023804775864397564], [0.04276735125936142, -0.03368394002815988], [0.07854188315623233, -0.06812768334441209], [0.09297244809213619, -0.08329164767829893], [0.08920216701747588, -0.07921267476545404], [0.10379132768247737, -0.09260914788192663], [0.12545048097406455, -0.11441552157053488], [0.18681536435735183, -0.17139554055411815], [0.1311835648933516, -0.12225795414252456], [0.1592381285928887, -0.1475329606749514], [0.25189715288996734, -0.2278777242791661], [0.2512641631705815, -0.23281406380832426], [0.13766062121589573, -0.13336706475007054], [0.3077653862828423, -0.2981366059455639]], "results_at_noise": [[0.8008219417805561, 0.9622940082327762, 0.9794769860672004, 0.9741452979295148], [1.2355204359869396, 0.9907316560707681, 0.9704675936594283, 0.9658953021069792], [1.287471277361276, 0.9807463255880693, 0.9702092274029237, 0.9448305812366368], [0.635104198534997, 0.908288471572288, 0.9638224717836945, 0.932644674087932], [0.7373885565461953, 0.6501380210914781, 0.9579743403120851, 0.9346353441325234], [1.7481280101690915, 0.7389787786298777, 0.952305713122732, 0.9213719843526202], [1.436672542162963, 0.7779012257011693, 0.9450050628941068, 0.8981783942155003], [-0.4568872581456662, 1.1614510192407579, 0.9468497262474268, 0.8767314619665839], [1.2476463511698248, 1.3154033489505, 0.936967631124624, 0.8907933912240812], [-0.11739074490152897, 2.586289178300453, 0.9320845224272509, 0.8800362377242925], [-3.4542439981598627, 0.7349632739230428, 0.9309100226795712, 0.8604718962648165], [-17.524392489193612, -0.17319331022559986, 0.9214240153354333, 0.8517815703155377], [-19.837090891846238, 1.8155436470659976, 0.917936325144437, 0.8666653890470488], [3.560970199320347, 4.403059515841105, 0.903484442735438, 0.8161071185809935]], "results_at_noise_errors": [[1.3039248037741569, 0.7618607836272516, 0.0674282561633386, 0.10016457976925877], [2.0425579084880656, 1.1622747028563973, 0.06786988051764332, 0.13545990328202095], [3.479032096337824, 1.6331450256069067, 0.06937199408125612, 0.22452139032718793], [5.73060407729402, 2.178976402161474, 0.0688558771085917, 0.21925174874161], [9.009547617931123, 2.8777364705290536, 0.0688923744485143, 0.2171631085882875], [13.904874045121728, 3.570963577134277, 0.07027979126794577, 0.24129820650608877], [21.673502285040396, 4.489030451378216, 0.0684703652160604, 0.28147947252894834], [34.01847662980309, 5.501175571194414, 0.06755805323106091, 0.29179293005076956], [52.922662681697815, 6.9388730437594655, 0.06958420852108113, 0.2409223529844664], [81.89509036466976, 8.36811042717085, 0.06886511620785611, 0.27245218661708004], [128.0895861500214, 10.904362257330108, 0.07021104864035692, 0.28710317487413173], [198.6519153805381, 13.500812448693976, 0.07053908975272125, 0.3177850644999781], [308.5138993496515, 16.716765498869396, 0.06814638450388368, 0.27909822876829404], [478.73726811585834, 20.629316365071077, 0.0695962819385546, 0.40305477230888986]], "noisyresult": [0.8095703125, 0.49169921875, 0.2529296875, 0.16064453125, 0.27490234375, 0.5234375, 0.6806640625, 0.72412109375, 0.63623046875, 0.501953125, 0.36572265625, 0.33984375, 0.39697265625, 0.51513671875], "res": [0.84033203125, 0.47119140625, 0.1416015625, 0.0224609375, 0.1845703125, 0.50537109375, 0.83837890625, 0.92626953125, 0.73388671875, 0.4326171875, 0.22216796875, 0.1494140625, 0.2900390625, 0.5517578125]}