{"results": [0.9819271649185274, 1.0166433639807886, 0.9836488135133682, 1.0267907165157732, 1.0098905898115147, 1.0033448576210842, 1.0296261045966248, 0.9958131910810566, 0.9954358510045466, 0.9937885475840141, 1.0164234142790347, 1.0419596073273611, 0.9743317442495012, 1.0235863070712246], "results_errors": [[0.02327443916246598, -0.014399073238213779], [0.10224786080676479, -0.0895814048419374], [0.0601370825497238, -0.0510210477123753], [0.17161171427842148, -0.1562808224857104], [0.15729217723452732, -0.14198416793835913], [0.15079170124205046, -0.13903096250033262], [0.2329466631071244, -0.20766091864928943], [0.15447223223128465, -0.14580410849992312], [0.18084681119554435, -0.17143109257385514], [0.17728377477124643, -0.16734320687375337], [0.25381785953871633, -0.23158659387377112], [0.36156680308245154, -0.3343598536974399], [0.12262938682921466, -0.116232851624384], [0.3155436218673546, -0.29978999817735796]], "results_at_noise": [[1.0195578630194226, 0.867185040217474, 0.9779781906174747, 0.9812648805618109], [0.9768215940167568, 0.9772221085705582, 0.9761935421150507, 0.9358990237807098], [1.2199192956254483, 1.0091510922510725, 0.9643999658037282, 0.9571967061592991], [1.2427674083418156, 1.1683262432050903, 0.9623908056002826, 0.9069802064627934], [1.3609123873846192, 1.210895902911198, 0.9557369360032062, 0.9097185169417132], [0.5434994561496095, 0.6153647905773438, 0.950219475596632, 0.8995935523043421], [1.7717430650676593, 1.6255501215188985, 0.9459204170860374, 0.8736494652658592], [1.1228539362397438, 0.29327286490574256, 0.9410972629303909, 0.8891550003089014], [8.05577514608926, 0.6991521227679809, 0.9350542052673991, 0.8803847174807723], [13.085476527791208, 1.075780089877362, 0.9297090657295602, 0.8719168967234108], [-4.917560986176303, -0.4066536706344548, 0.9278931387164968, 0.854043498875331], [-22.834829265763027, 0.7257859423355213, 0.9182123671410971, 0.8119213703087201], [-30.95694431403087, 0.6568822851486134, 0.9243307842641058, 0.8777540854152444], [26.126583345483102, -0.19344623863239535, 0.9129853474192939, 0.8172922324568547]], "results_at_noise_errors": [[1.158566382526923, 0.8804484215562494, 0.06749984768283697, 0.06683725227935501], [2.212779727776188, 1.189540863385734, 0.06800664427031973, 0.23064062633337995], [3.6315683176214733, 1.6449950382207477, 0.06893026328791878, 0.12931895609643934], [5.865014607949976, 2.0988778944529116, 0.06806571642758437, 0.33247120197437463], [9.314804093596711, 2.7637375472412296, 0.0672135575781301, 0.27184088121508004], [14.881468851278264, 3.6925380680476696, 0.06769007157088358, 0.29359811546428805], [23.217864084340505, 4.389470099681532, 0.06762966684269633, 0.3682315916587717], [36.47448367781763, 5.8526475052760265, 0.06864475773834045, 0.292959492817955], [57.1590236774899, 7.282147552534944, 0.06808124732148714, 0.31616545970608], [88.85162850757868, 9.087808530399652, 0.06860008011630075, 0.32226577541542967], [141.2517253285868, 11.439121411803292, 0.06929074781584446, 0.30599581365830497], [221.76732041175984, 14.291496283952972, 0.0709563204259841, 0.4243020814024807], [348.36919587694786, 17.8015136148032, 0.06721366343728896, 0.2551058702274615], [550.467255994594, 22.293607902776166, 0.06942217356963903, 0.39189382028019615]], "noisyresult": [0.7919921875, 0.5146484375, 0.23876953125, 0.18505859375, 0.30029296875, 0.50830078125, 0.6982421875, 0.703125, 0.62890625, 0.50048828125, 0.38330078125, 0.3515625, 0.43798828125, 0.51171875], "res": [0.8369140625, 0.4970703125, 0.15380859375, 0.025390625, 0.18994140625, 0.54345703125, 0.82177734375, 0.9091796875, 0.77587890625, 0.45703125, 0.24609375, 0.1806640625, 0.2998046875, 0.54638671875]}