{"results": [0.7349686503877472, -0.027585821131724475, -0.6978478675207584, -1.093858549699399, -0.6186681099449943, 0.06600539172565062, 0.7472941633091887, 0.932744773681122, 0.49891447806458356, -0.11956043920279183, -0.6052839514314242, -0.6964094556735075, -0.5321711866965977, 0.128729310877693], "results_errors": [[0.009327791187394767, -0.01132156077566341], [0.021379447627101672, 0.711967805381921], [0.0942548909522548, 0.13187807449526623], [0.3769518789704726, 0.3440126854973574], [0.16074114366021075, 0.2536115061477082], [0.07290514403393733, -0.9427277937950174], [0.41253845736618866, -0.550512933719545], [0.7260160785252195, -0.7536696574518829], [0.24420997366726668, -0.46920735493139193], [0.321468388943072, 2.6103213091048514], [0.562792227836405, 0.938635699491368], [0.6657781280263197, 0.8964837220448141], [0.9934543658980053, 1.8448938272546176], [0.3488863685060753, -2.4075628422174513]], "results_at_noise": [[0.7257998599633393, 0.7123423503824275, 0.6719857788308358, 0.6551473057271932], [-0.0406178711949787, -0.025161015686065564, -0.0187673951305599, -0.027087443427978364], [-0.6838881370050448, -0.6624962870497189, -0.6284094376928704, -0.5672571084232128], [-1.0972247658906205, -1.003985712822105, -0.8173195045357123, -0.6371035995624867], [-0.499975341859007, -0.5650973857941444, -0.5114086780939251, -0.4113422608613742], [0.07218069419846007, 0.0452389991717905, 0.05073253162988552, 0.0634485958459836], [0.8093015788413113, 0.5910119419641943, 0.5129340767709908, 0.3506621371461583], [1.0667710318081656, 0.5541088660952449, 0.6217132049044947, 0.4202725375152475], [0.5285288829017821, 0.44244873342670443, 0.3665147617650509, 0.2799018424164938], [-0.15731061222693848, -0.07080970487390886, -0.060468607161153334, -0.02874088504703401], [-0.5888386892265622, -0.5043643321197916, -0.3878029551691783, -0.25224577200022236], [-0.7314908499162961, -0.7154775346427718, -0.44694750088337915, -0.32214733436014786], [-0.8085132755618621, -0.39569452414109996, -0.24666811658147034, -0.1329028504043149], [0.10755999512240946, 0.121311943643276, 0.06385863963822916, 0.040227217164049145]], "results_at_noise_errors": [[0.32098078324705426, 0.11818368914522993, 0.03444651908833498, 0.1243904231321519], [0.2539273341502768, 0.10058967212326453, 0.04403641948493284, 0.14458771203756962], [0.7906188094495346, 0.47312839908813253, 0.038476575460890554, 0.2810291606446732], [1.2152644539791335, 0.6007435614019953, 0.03169634897713649, 0.4672641105769254], [1.105499033154223, 0.546996228576084, 0.03891447497794769, 0.3073482670032588], [0.5754720934817384, 0.20981449643731354, 0.042679470912817596, 0.197262155312533], [1.4848036580148123, 0.7210762363378593, 0.03862075881186395, 0.371317961393668], [2.2866404266743414, 1.1215769619848093, 0.038389757059241275, 0.42349518559791266], [1.8926669764787196, 0.7174304630730022, 0.04018448348635681, 0.2513508435166926], [1.0478096459513646, 0.4006285973028436, 0.040179869381906236, 0.17734637114741836], [2.9324796976596694, 0.9592495929776539, 0.0388965655163936, 0.3276461360952898], [3.8703211326449587, 1.1519374675581155, 0.03956553794710744, 0.3062166701058165], [2.9029317088548083, 0.7579326065956986, 0.04135761708872606, 0.25418106116141376], [1.8605407641002998, 0.435013910880015, 0.04185838150874692, 0.14748809855322637]], "noisyresult": [0.740234375, 0.2841796875, -0.14892578125, -0.310546875, -0.0927734375, 0.2900390625, 0.63818359375, 0.6875, 0.50927734375, 0.23193359375, 0.0, -0.0107421875, 0.10693359375, 0.29052734375], "res": [0.75830078125, 0.23046875, -0.28369140625, -0.4609375, -0.197265625, 0.27294921875, 0.7490234375, 0.8662109375, 0.62255859375, 0.216796875, -0.12646484375, -0.2373046875, -0.04931640625, 0.3193359375]}