{"results": [0.7150615616797076, -0.023366750850597535, -0.7116072097739291, -0.9760597654638854, -0.6111103292381612, 0.05522078216063235, 0.6449803731569222, 0.9022921716012355, 0.4792669359944733, -0.08844797233793553, -0.5475428562193365, -0.6639035752379249, -0.37635141639867653, 0.08253201387679146], "results_errors": [[0.03175624810505602, -0.04275535757963903], [0.012604292773609716, 0.5240807741477227], [0.1065916070573324, 0.1464244301668492], [0.22263379703181543, 0.22521112043271474], [0.12273987694413618, 0.19652775857975902], [0.03976005108940788, -0.7270022982376534], [0.23142433960368058, -0.359562691403325], [0.5525510244638304, -0.6079333793894707], [0.15390947584237824, -0.3140567834832561], [0.10493907841302456, 1.3302780630879778], [0.3314327904642977, 0.6253063776820202], [0.5341917458630931, 0.8263966815767086], [0.26441017997537797, 0.6869649877518967], [0.10153499532282814, -1.7542992173540983]], "results_at_noise": [[0.7250491682471829, 0.6907716319501338, 0.6688482802348019, 0.6311348650852637], [-0.00878836000340229, -0.016146038275914248, -0.021088077929816294, -0.014254684721119905], [-0.6200196487943619, -0.6872627877297109, -0.6299772084777371, -0.5450749437452567], [-1.0419748864794152, -0.8833478555320358, -0.8136131791875472, -0.6947107479650644], [-0.6039034251978586, -0.5309913704086424, -0.5131021832439548, -0.43206881917720813], [0.04901908270843307, 0.05168864561732901, 0.04699433782904228, 0.046437942770535416], [0.5580696831959143, 0.4803800956259654, 0.5122043340198542, 0.3878177035803287], [0.9001382261759975, 0.735244064963309, 0.6248868626605228, 0.4420365400749655], [0.48058051587026945, 0.49274500426411355, 0.36520583570329374, 0.2973486394698305], [-0.10952772778063394, -0.07713310277500413, -0.05906621051499025, -0.04426015655009401], [-0.5335158250899742, -0.44688916050323324, -0.38645799629948674, -0.2725357661789733], [-0.6141712006844655, -0.4827930114286029, -0.44892956300812364, -0.3047278517799391], [-0.3957338364428923, -0.3140080521631251, -0.24670700829293118, -0.17050937398368765], [0.0026038887490267403, 0.11003250208439258, 0.057141252175597, 0.04545536073259328]], "results_at_noise_errors": [[0.2888398647173036, 0.21570234999196167, 0.03460979725785493, 0.22792237697761594], [0.19117660592973212, 0.11435673930569865, 0.04039378241189153, 0.15483207968138016], [0.7708257363414932, 0.3909307765460173, 0.03900062693188655, 0.31200824741052446], [1.0469200535363636, 0.629860529165739, 0.03371120588921995, 0.40552737372559017], [0.9068149378042301, 0.5222000981419495, 0.038447934463861314, 0.27910636986420073], [0.43069485024355936, 0.19854112993879156, 0.042761658799904276, 0.17312072227531308], [1.370157876782994, 0.7238532440353027, 0.038373791939160844, 0.3327028649907392], [1.9313165166246569, 0.9138459902581544, 0.035495820206476104, 0.4235990295872258], [1.407039681235096, 0.5441459118743336, 0.03991248545843667, 0.22358129666773124], [0.8236670648301585, 0.3064283528128453, 0.044687758882070286, 0.17948408348328082], [2.0519280288559676, 0.8042865289618655, 0.04220130489862656, 0.29200211709065615], [2.6909339011945654, 1.0086834345466786, 0.04113014712542423, 0.3348873077124063], [1.9008480760776094, 0.6444422668439156, 0.04071068624946387, 0.22317862283262008], [1.3074724909733217, 0.3430306300274657, 0.04358650472943634, 0.14738921420272144]], "noisyresult": [0.76025390625, 0.2568359375, -0.14599609375, -0.30517578125, -0.0859375, 0.2919921875, 0.623046875, 0.68603515625, 0.5302734375, 0.244140625, 0.0009765625, -0.05322265625, 0.11474609375, 0.27685546875], "res": [0.76123046875, 0.244140625, -0.2705078125, -0.46533203125, -0.21630859375, 0.28173828125, 0.75634765625, 0.87060546875, 0.61767578125, 0.2001953125, -0.15087890625, -0.23876953125, -0.041015625, 0.3017578125]}