{"results": [0.705445074803793, -0.022594357022790515, -0.7297386438561244, -0.9109794464235814, -0.6254481924918642, 0.0562447010456673, 0.6431857952291271, 0.8920697900989789, 0.4969513052176709, -0.08128850132927223, -0.5301835855167802, -0.6410316660958425, -0.4678115252792592, 0.09707314795034089], "results_errors": [[0.020287037572228564, -0.026152369669582613], [0.0052295133117155465, 0.2807992409930385], [0.11565166164658772, 0.15619370152422007], [0.14703601598834776, 0.15926407607796625], [0.15906583403717003, 0.2481868469301898], [0.023875465389401305, -0.42896214524616705], [0.18377398257061212, -0.2854986616302255], [0.5030603743447652, -0.5614577874612018], [0.18790390511306357, -0.3732310330403775], [0.14929601229183678, 1.815517863764682], [0.27253624612932353, 0.5244695730073187], [0.41383177476462496, 0.6714688354031169], [0.5128187298574374, 1.082225354141066], [0.22223447628532178, -2.5680370698131965]], "results_at_noise": [[0.7030357201563504, 0.7098081128121599, 0.6730598381861328, 0.6462244579831137], [-0.025397152192873182, -0.0204829620977943, -0.02025492090673493, -0.014537282743157152], [-0.7107448366390956, -0.6735122603935058, -0.6330877949855822, -0.5412641360991315], [-0.8979392634142427, -0.8858735492045899, -0.8158392142966531, -0.7281184890102539], [-0.6636172408480371, -0.5263521207967642, -0.5098475937582957, -0.41046744311377475], [0.07629171398542073, 0.06768678498218542, 0.046413961473452406, 0.05293827269338166], [0.7363648208452704, 0.6215540992389572, 0.5107618798296452, 0.4224659000537023], [1.0420626112045488, 0.6622694752150531, 0.6223252567610457, 0.44676076689001604], [0.5106373235727191, 0.5051996178677234, 0.3647683825253565, 0.28502420011270235], [0.03968157665819864, -0.08292257856153219, -0.059560830418536055, -0.04626195128915852], [-0.6729581325750907, -0.37775732669326373, -0.38995142353963064, -0.29276838639707503], [-0.20983984611083503, -0.5780460671284529, -0.4466749606194731, -0.3084592570235234], [-0.5467166347691165, -0.30741221716671885, -0.24467528698089033, -0.13256746631711774], [-0.017278691508144352, 0.08648350127910986, 0.05700989753800442, 0.03521531290445884]], "results_at_noise_errors": [[0.34283704964774236, 0.16593995299132444, 0.03501746170185502, 0.14460824183144075], [0.15880437466294944, 0.05049354819899881, 0.041354542240984934, 0.10060052176759153], [0.7084340087676182, 0.4253422602319671, 0.03557502182257507, 0.32154907838506064], [1.1630654828330258, 0.6597264808129485, 0.03302690270311796, 0.3201167741305323], [0.9076302063069093, 0.5470704506254761, 0.039765422021140154, 0.30855463093607016], [0.4289193439528481, 0.14262774609117396, 0.042354094226974406, 0.1704073185648351], [1.332431882387231, 0.6275734690761181, 0.03968462095257314, 0.29408844389315586], [1.8282424783608349, 0.9432868377303625, 0.03826766469391374, 0.40381741095289286], [1.4540577604244866, 0.5396559605734272, 0.04220587222029263, 0.24496347738295216], [0.9719402130018965, 0.3176270216287801, 0.042415276141754193, 0.17337782008865094], [2.101634499914958, 0.8419749216395234, 0.04140980882003019, 0.27706957099571755], [2.8105332422168363, 0.9838237581585363, 0.04024063687990934, 0.3111861900490923], [1.9791960587354216, 0.6382354846996537, 0.04009249565962513, 0.23435815363488072], [1.5473451559001874, 0.3534597780185954, 0.04246245943416917, 0.16336253973479603]], "noisyresult": [0.7470703125, 0.2744140625, -0.18017578125, -0.31591796875, -0.0751953125, 0.310546875, 0.62744140625, 0.705078125, 0.498046875, 0.193359375, -0.005859375, -0.06640625, 0.10400390625, 0.2890625], "res": [0.7451171875, 0.22705078125, -0.27587890625, -0.46337890625, -0.1943359375, 0.2783203125, 0.74609375, 0.8701171875, 0.6318359375, 0.1953125, -0.17333984375, -0.22900390625, -0.06005859375, 0.3017578125]}