{"results": [0.7918167307491732, 0.003827047882939765, -0.8799016905463292, -1.4367365577669777, -0.8675384341714232, 0.07258889321028442, 1.3714401103198557, 0.718414856528306, 0.565181147729144, -0.0785343514958971, -0.8580860071223975, -0.9745615286810005, -0.6962122990950969, 0.15105510171885791], "results_errors": [0.0187484236810597, 0.03803771001256064, 0.02852660078389964, 0.028997073741174134, 0.06311553258690403, 0.04565384805536222, 0.061426324221391555, 0.28508557800579387, 0.08308007665799934, 0.1261696785281142, 0.08809824504975977, 0.46623502705827624, 0.6691305528871323, 0.1356749761263524], "results_at_noise": [[0.8028787332248292, 0.738721381125218, 0.6676882293595909, 0.6613323585674623], [0.09727411470455213, -0.08865448425530097, -0.023016384134703603, -0.010597823011324935], [-0.9684853744062398, -0.7772355669489754, -0.6598202275476558, -0.6447310363857582], [-1.4672129571772805, -0.6562254638677587, -0.8538764822994698, -0.7011199016253866], [-0.5152786375340452, -0.7513673049261482, -0.5419317454757501, -0.42535815921566156], [0.06183552521035697, 0.045135273329602335, 0.03402389261956416, 0.04406601203661354], [1.4753925390563387, 0.24184450071245905, 0.5307155322244316, 0.3094219249277994], [0.13273875659050507, 0.3801994665475682, 0.6467419212651087, 0.5251047210557355], [0.7568744307588866, 0.06508053712780773, 0.3918786857720467, 0.4054498585380556], [-0.08005603651306299, -0.06675140002201728, -0.06866869701180779, -0.016190197363586224], [0.0290027985949039, -0.9074787128051796, -0.3995776231518882, -0.261015141171721], [-0.28095354418380963, -0.5808350813429111, -0.48809090122452337, -0.30618783487648493], [-1.0789915801297103, -0.28156085800891867, -0.28046364996313505, -0.028857435372085325], [0.16231331123415954, 0.12661817574020884, 0.052138225089012766, 0.0972193459357914]], "results_at_noise_errors": [[0.02406983584616717, 0.02999668382638153, 0.022081299763191925, 0.031641932041218505], [0.1684623631100251, 0.14786600441079295, 0.031917056462509155, 0.028412031205747385], [0.041942198224338506, 0.027152214908901462, 0.026161723137744067, 0.03425555175382818], [0.029258236621208022, 0.6675396044966536, 0.030060204752331447, 0.21126207958216192], [0.8227476218522489, 0.029252415107284938, 0.02977794813422513, 0.16493503266095397], [0.06773676282949864, 0.09867545308014387, 0.021194191378976678, 0.02377981779883225], [0.0619029960295852, 0.8584540122798715, 0.030194186591662665, 0.24045230427922912], [1.9337767341601255, 1.1859159884886312, 0.021342536428132466, 0.18246281343328047], [1.1033015477072379, 0.6130158441479534, 0.02881121152695425, 0.035151477557777415], [0.8090106240352076, 0.12908767493664208, 0.01983999538437039, 0.07278718450376408], [1.9267348396411765, 0.06027823177807394, 0.030495897869658815, 0.13450292822904933], [2.1450770497861527, 0.7870840144936856, 0.03575413990274111, 0.335086208432319], [1.0810831276759072, 0.7278397793652269, 0.024634508346874116, 0.28459147309557403], [0.8323880766595197, 0.061424998047806614, 0.03168341810120366, 0.09156652868911266]], "noisyresult": [0.68017578125, 0.0126953125, -0.5924479166666666, -0.7823893229166666, -0.4949544270833333, 0.057779947916666664, 0.5460611979166666, 0.6686197916666666, 0.4176432291666667, -0.036783854166666664, -0.3839518229166667, -0.4529622395833333, -0.25, 0.08056640625], "res": [0.7086588541666666, -0.026041666666666668, -0.7239583333333334, -0.9571940104166666, -0.6168619791666666, 0.07584635416666667, 0.6608072916666666, 0.83837890625, 0.51953125, -0.08984375, -0.5779622395833334, -0.67236328125, -0.3826497395833333, 0.0869140625]}