{"results": [0.9740449802252686, 0.9967555512863886, 0.9792041004246803, 0.9900399783223196, 0.9989877566450007, 0.9727451734392393, 1.001877071423169, 1.016201991720021, 1.0082329572520154, 1.0109696208798158, 1.0402455078320672, 1.0274948636061132, 0.9782370190698658, 1.0415523358231848], "results_errors": [[0.043604829090074466, -0.03501534281050762], [0.06454561099493007, -0.05500742187843474], [0.054977372001272076, -0.046241835638313085], [0.055960122326298156, -0.046698166446089276], [0.1244647933658722, -0.11385770914935124], [0.07741387368385785, -0.06944580514333056], [0.12080807786208207, -0.10898843722446369], [0.24523649250931645, -0.2247774105084995], [0.15998926101664804, -0.1470446748148317], [0.2641785968792837, -0.2455979217327653], [0.47997139921623166, -0.4119777731494974], [0.31738057887296206, -0.29320303016124766], [0.19439856736805922, -0.18889907382154866], [0.38706225779168485, -0.34987071960597227]], "results_at_noise": [[0.7409914170533245, 0.863566293513488, 0.9745312216828506, 0.9723422899112111], [1.1628325157073698, 1.000024940578051, 0.9761822917283564, 0.9582057936244939], [1.411482682974007, 0.9937866479515626, 0.9664490936355024, 0.9561558943059171], [0.5429103291444732, 1.264141480874431, 0.9679274487398289, 0.9507079250611012], [1.7937207461424292, 1.0252309477861736, 0.954785933592371, 0.9183571083311628], [0.1270599156900401, 1.6617294939474658, 0.9468813514856655, 0.924167207077758], [0.2792740904997346, 1.7596893914444667, 0.953459267623552, 0.9187233373006556], [-3.3771155829439747, 1.0993260918947079, 0.9383275963421488, 0.8723818603223734], [11.882560766565552, 0.8110374274207596, 0.9455467831948762, 0.8899350231199114], [4.033502341590747, 0.6402840940725842, 0.9301335852339871, 0.8663841384677343], [-3.3138071238700424, 1.6312634564551969, 0.9234951210661346, 0.8381523098044146], [-3.7355881089415144, 0.40639480628623814, 0.9258534848616358, 0.8403968698711795], [35.82670495324089, 0.45682451010931524, 0.9114778893200863, 0.8505116998006205], [62.9078115999052, -0.7997561146229532, 0.9127226799737609, 0.803733139247333]], "results_at_noise_errors": [[1.374155846872129, 0.8989348702575659, 0.0689055673321332, 0.1411194980236613], [2.1550737130343047, 1.1780119990439109, 0.06724053961929166, 0.18672252061607625], [3.5975654187221213, 1.6738110735464757, 0.06770380482834025, 0.1692625703349231], [6.094894305946518, 2.0665949673653405, 0.06826150629202073, 0.14962500663975298], [9.459080867148964, 2.874657846870389, 0.06717055174772807, 0.23521737469319925], [15.266745176451547, 3.4497561554219196, 0.06857232996874435, 0.22099225820698698], [23.951555040916773, 4.407001866190349, 0.06777424108872257, 0.20624535812196762], [37.56743955688455, 5.872313835786623, 0.06945368367974891, 0.3066535238688444], [58.719735366005416, 7.3589765568039605, 0.06927137269574019, 0.2534085404493048], [94.18765597873804, 9.344344712493056, 0.06854908794922313, 0.26998256619550176], [148.10401570948622, 11.606783774024134, 0.06927496270003602, 0.32677409682398784], [232.77565747549306, 14.711197090726719, 0.06897553828001772, 0.32983884429197174], [366.60701579704755, 18.368314304856483, 0.0682883032126086, 0.3287251200324339], [576.5492738204251, 22.945204973453972, 0.07004909412823293, 0.3989054383114855]], "noisyresult": [0.81591796875, 0.51806640625, 0.22314453125, 0.17724609375, 0.2880859375, 0.498046875, 0.68994140625, 0.73486328125, 0.6435546875, 0.4833984375, 0.3671875, 0.3505859375, 0.40869140625, 0.5126953125], "res": [0.85107421875, 0.4990234375, 0.14111328125, 0.01953125, 0.197265625, 0.53466796875, 0.83203125, 0.9228515625, 0.7587890625, 0.45751953125, 0.22509765625, 0.1611328125, 0.30810546875, 0.53515625]}