{"results": [0.9487576583195246, -0.04713796333654519, -0.9208046167549393, -1.1340281454236831, -0.45064448807436075, 0.06951907171977335, 0.22524441965439945, 0.5249306759447481, -0.04944320533953614, -0.06271541835340863, -0.12610456268543477, -0.2041673393366104, -0.08262420707944662, 0.0072555168744786805], "results_errors": [0.024419152386642943, 0.037108839440670505, 0.11568455347772519, 0.1256059925022924, 0.7230210080159862, 0.06504168957783298, 0.11981799708481626, 0.30888787530723494, 0.44949732523681574, 0.3359564904816979, 0.2994905981161927, 0.5902071829605143, 0.21508121258933044, 0.20388576206619516], "results_at_noise": [[1.027203776646147, 0.7539708955201361, 0.5546912449540392, 0.37598010356465933], [-0.03750302683100451, -0.004903156074648923, -0.012369857830204365, -0.008463555401185624], [0.7202303953250401, -0.9469384903200592, -0.35661078075784014, -0.23681810355075872], [-4.970064044865536, -1.1239385987083685, -0.39827793119530114, -0.21891567403169418], [1.3208382020078768, -0.29133991085218536, -0.21500833394554358, -0.07031302154408128], [-0.1667616117979947, -0.06192040772916585, 0.0284833242326184, 0.030761938585963947], [-2.361601664592274, -0.1863237003758469, 0.1674820584462216, 0.14990389127726136], [-10.10071357513387, 1.6955514486171728, 0.1728531508736174, 0.05045634530337661], [-17.51740164424577, -0.15435590780428737, 0.09098394257847964, 0.019043182282978834], [5.193204308061659, 0.45055063130338946, -0.02555360648150764, 0.028808833018453033], [-1.7153959527864515, -0.20078370814068514, -0.06836005640231681, -0.055990093774538924], [-89.14036351092818, -0.15226177659283202, -0.08186937386451916, 0.028483342074493184], [25.539558538595692, -0.6864535604127217, -0.029785510034718174, 0.013183734230760868], [-11.449303441398655, 0.2047668391171074, 0.002115964252295639, 0.0011393916823237652]], "results_at_noise_errors": [[0.03261060548118844, 0.024854855455437527, 0.021854662421116826, 0.24411433084385503], [0.05223119014171683, 0.04457382807574629, 0.019495060351736284, 0.024440149918098168], [1.332921247656041, 0.04925575855730638, 0.026802958897583724, 0.1952703289817382], [0.3044508682344218, 0.42492446119016986, 0.019278300062303154, 0.0822623863976334], [3.7430543454811964, 0.8923868334289162, 0.021906985331962652, 0.16952138527016003], [2.6765903410455993, 0.22104047551620953, 0.023515860853231624, 0.03445185174122817], [13.465874811581376, 1.3418269490598562, 0.018915618898807978, 0.036094343723305], [21.34457422183757, 0.7533413538932298, 0.02405863042514579, 0.1767986239806424], [9.072249224262311, 1.461604199670514, 0.0319710617103659, 0.08774412016945957], [16.309116496951276, 1.0042098593730622, 0.021069911348204972, 0.04278169729510861], [78.64055579557441, 2.7759014716651285, 0.019433403654124878, 0.07583065186954481], [69.0229872860248, 3.121854401429279, 0.023071658559063662, 0.08739878253628626], [249.2816949567502, 3.468888542432669, 0.023340542293490956, 0.040793146550747617], [259.14094444154205, 2.505043042359525, 0.019934328023143284, 0.024775042888858335]], "noisyresult": [0.5652669270833334, -0.012858072916666666, -0.3723958333333333, -0.400390625, -0.21012369791666666, 0.017252604166666668, 0.13655598958333334, 0.16194661458333334, 0.08333333333333333, -0.008138020833333334, -0.07779947916666667, -0.09163411458333333, -0.048665364583333336, 0.012369791666666666], "res": [0.5572916666666666, -0.015625, -0.37353515625, -0.4072265625, -0.21077473958333334, 0.0205078125, 0.1474609375, 0.17236328125, 0.083984375, -0.01904296875, -0.08772786458333333, -0.0751953125, -0.043619791666666664, 0.0006510416666666666]}