{"results": [-0.034681637955139594, 0.6348010185727031, -0.6256019152053083, -0.40899791699658006, -0.7916266240079595, 0.043554090350888634, 0.3253353769152456, 0.29566684241406016, -0.04117675315270544, 0.20680288349491258, -0.23273949341560018, -0.20504108982579447, -0.09923712394761881, 0.03006025205076624], "results_errors": [0.09937163673057564, 0.3140292767575066, 0.7110041891184448, 0.6635522938764764, 1.2166448516006994, 0.19705304645331834, 0.7062661380207329, 0.5306533623213051, 0.29136789970835925, 0.5450060494622349, 0.746196996058738, 0.714946834760019, 0.4361627397219396, 0.26431253927958787], "results_at_noise": [[-0.08367420556608363, -0.020264684218178786, -0.014941154133175313, -0.006482659263986794], [0.530538898747955, 0.5737514033565623, 0.554207734144124, 0.4665788211579639], [-0.1971492577274276, -0.46557007885016044, -0.36725126670803515, -0.22337761505110615], [-0.6289996788837402, -0.3797892611913799, -0.21555774981839881, -0.12185936250761531], [-0.4245761242536149, -0.4944574121732155, -0.4004837987022416, -0.22690200615917255], [0.17167065378075402, 0.03401678871047331, 0.020899613306969655, 0.01146771383233111], [-2.6798315158471384, 0.5817235192686593, 0.16116052356317795, 0.07950263726645222], [-2.9657467630056202, -0.025052019761844402, 0.1702709134839731, 0.0963639918302196], [-1.6020058919243858, -0.04330796358287245, -0.015893233181140203, 0.002395180201508267], [6.382649130655739, -0.04167771450312084, 0.0920586025113368, 0.02973167008208752], [14.213153598445603, 0.15311578902611792, -0.08668983116883848, -0.009861221384577696], [12.564685513396157, -0.019557674717100904, -0.0758026930437607, -0.02006050524015584], [-9.99459649768174, -0.014636085861957068, -0.036429471595701916, -0.014232492499103067], [-20.82389699029806, 0.4835785468556445, 0.010761890611775132, -0.0015649097056427484]], "results_at_noise_errors": [[0.30284959732938505, 0.05997858017856821, 0.0309703457477144, 0.02941943498807704], [0.8939073472096142, 0.48300228933747263, 0.024886086538888737, 0.2796424098163516], [2.3480117898501542, 0.8070330096779439, 0.03404529971439617, 0.28755781479320586], [5.114493650946179, 0.9674609274472389, 0.02692255064935118, 0.1764834522166483], [4.8989743517462205, 1.2980233926681017, 0.02692558354191052, 0.32267352102474195], [1.6312246456402923, 0.25440898337553164, 0.02988705697939309, 0.040399372534924066], [14.164233445470002, 1.4723524502676497, 0.02969105690104811, 0.14602807789230107], [28.530250742791083, 2.283782020096237, 0.02599409544015185, 0.14342200078732903], [21.808128953720267, 0.8874990180012883, 0.03171762695958092, 0.04069810454449867], [28.81697670662445, 1.6582557794460862, 0.03172406080875077, 0.09692454037783108], [199.56256585048956, 4.3432117045491765, 0.02832086783008015, 0.09762465029954487], [105.58354249897533, 3.0345505817401843, 0.026399596118185664, 0.09342155024450816], [236.29366456465343, 4.03466111191846, 0.032332943776169326, 0.05488740975898326], [289.3150786219253, 3.156292865898685, 0.028191126529321486, 0.0369791719132675]], "noisyresult": [0.555908203125, -0.014990234375, -0.3611653645833333, -0.393798828125, -0.21258138020833334, 0.017626953125, 0.159912109375, 0.16888020833333334, 0.08541666666666667, -0.017708333333333333, -0.07962239583333333, -0.08048502604166667, -0.038590494791666666, 0.014469401041666666], "res": [0.5516276041666667, -0.012939453125, -0.36529947916666666, -0.39983723958333334, -0.21064453125, 0.024186197916666666, 0.158349609375, 0.17052408854166667, 0.092333984375, -0.0171875, -0.07643229166666667, -0.08419596354166667, -0.04181315104166667, 0.011474609375]}