{"results": [0.6959439609010912, -0.02124857908093246, -0.7160444341927276, -0.9461601872192043, -0.6325324947755093, 0.05582840031283901, 0.6406757726579013, 0.8381848611932957, 0.5040087254855328, -0.08540780140428177, -0.570177902536039, -0.7006377707822516, -0.38435925322226333, 0.09073930578749478], "results_errors": [[0.02130572043125469, -0.0284845015984651], [0.011063528713465071, 0.5043618851835903], [0.07632868758172573, 0.10436261171176361], [0.14575271475721216, 0.1527297015098191], [0.12088673376166142, 0.18815504503744312], [0.03270528332410344, -0.6086984752245451], [0.14685981880150228, -0.22803758673176774], [0.2950261264567833, -0.35376043171032157], [0.1651559586942089, -0.3246015991915589], [0.07660651642205468, 0.9596883117221257], [0.263078896202959, 0.4683412955070254], [0.41974741696863316, 0.6069115339957918], [0.19045549426213576, 0.49820957466755067], [0.1101788819250169, -1.405322577969341]], "results_at_noise": [[0.7036043067504182, 0.6804892094578685, 0.6778765734844987, 0.6607261159220347], [-0.020879844040137176, -0.01902342002532748, -0.018105270749461246, -0.014305274091851651], [-0.7344176156139322, -0.6665826915476782, -0.6466501686800443, -0.5852451545491055], [-0.9608664803140227, -0.8808425105697186, -0.844877188480586, -0.7523433122675891], [-0.6278953591791767, -0.5656668577402397, -0.5358638818245395, -0.45040678520411936], [0.04718400446292546, 0.050406745763232154, 0.049186325176824655, 0.03873325977293702], [0.6581528021876346, 0.5495291695525794, 0.5388750911136377, 0.45264864257271653], [0.8672496776194879, 0.748272942034701, 0.6610485391739527, 0.5270316875492722], [0.4459856976518838, 0.44347823755513516, 0.39123199313568047, 0.30111778849386606], [-0.0810183886726655, -0.07552184212347515, -0.06435475797173817, -0.04936206706360191], [-0.5628424053262586, -0.4848431314018607, -0.41938190363134814, -0.3111014423562415], [-0.7467729466857493, -0.6182174598555737, -0.48605402738701686, -0.348356816037886], [-0.3527890562585661, -0.3192797605638231, -0.26877666728958693, -0.19052195852222273], [0.11761131335863372, 0.07711997707502614, 0.06413354603092905, 0.04922556124365167]], "results_at_noise_errors": [[0.31869208239537183, 0.24868220569781116, 0.032842544404681116, 0.15391231246260267], [0.1646568168326231, 0.09754378984098629, 0.038469195531413654, 0.1070887337874313], [0.6073760865690313, 0.41416662201079013, 0.033815738458750584, 0.26845072512014134], [1.0132552041181075, 0.6313041037075028, 0.029273955810000255, 0.3380372292524295], [0.8099164237818739, 0.48067497263263465, 0.0359499472273229, 0.2941108834003594], [0.3652568298694455, 0.19018903563938896, 0.03928421313805988, 0.1796898080322064], [1.1605569688556325, 0.6464015583525771, 0.03576188242391743, 0.29337759017494974], [1.5959602877784533, 0.7997649359197032, 0.03441683644094687, 0.375704477435601], [1.2172582714133497, 0.5597705989546327, 0.03815815352964223, 0.26806452154298105], [0.66589721302606, 0.2558298670233326, 0.040159495442369963, 0.18000742359755662], [1.693410875879132, 0.7216099722249467, 0.03763106430952455, 0.297286665044338], [2.1768431116855598, 0.8548099282274049, 0.03656055467507503, 0.3403375050809653], [1.5496488778826043, 0.5738152536121125, 0.038008757941177015, 0.2241012035712186], [1.050453657129448, 0.31408178097132616, 0.03969037074772013, 0.16681940606486395]], "noisyresult": [0.65478515625, 0.046875, -0.591796875, -0.7783203125, -0.4892578125, 0.0849609375, 0.5322265625, 0.640625, 0.3916015625, -0.0400390625, -0.39501953125, -0.47021484375, -0.244140625, 0.080078125], "res": [0.68994140625, -0.02197265625, -0.74169921875, -0.95654296875, -0.6376953125, 0.0439453125, 0.66650390625, 0.8310546875, 0.5234375, -0.09619140625, -0.55615234375, -0.68212890625, -0.390625, 0.0859375]}