{"results": [0.6954915366631522, -0.021535841633529534, -0.7099035617653306, -0.9498192528680435, -0.606024225533202, 0.05236895907472909, 0.6611243008270988, 0.8302120086119102, 0.5115063225269574, -0.08816991811611977, -0.5749353286064933, -0.6903922505818748, -0.38715051541228707, 0.09888850874364528], "results_errors": [[0.02138455462396031, -0.028617419824021516], [0.011703512022472511, 0.5307846615135522], [0.07543523635361574, 0.10406843802151965], [0.16054710147886092, 0.16775497961413263], [0.09189868090263105, 0.14851485101108686], [0.026223124377052393, -0.5338643265012892], [0.16874000957360186, -0.25420742568152016], [0.29940815564897666, -0.3624010650779983], [0.17345950772769567, -0.33637097580532804], [0.08789032229362935, 1.0336754030646476], [0.2710293024161813, 0.47981699680769874], [0.40137198411397645, 0.5928240594046943], [0.19593149735221005, 0.5069580941905799], [0.1540801661804327, -1.807183277732583]], "results_at_noise": [[0.6986405186343354, 0.6809208406387197, 0.6769292087091313, 0.6583007297912065], [-0.018954547722180626, -0.020169953530757005, -0.01740191152017547, -0.012527266091671794], [-0.6790206063470496, -0.6884474458150155, -0.6447770807038691, -0.585422849356371], [-0.9808758615042137, -0.8491398576516529, -0.8438030466295169, -0.7461373704169709], [-0.5958322413140191, -0.5620915406315152, -0.5341069607690468, -0.47001390753563965], [0.06298495406710658, 0.04739889706273876, 0.04915108555454908, 0.046321235364541975], [0.6503195110266747, 0.614276789041154, 0.5379841855405829, 0.444891291312195], [0.8405825533907567, 0.704612483347906, 0.6591797159020452, 0.523692994808449], [0.512801285099765, 0.44050736093642395, 0.3899200131686752, 0.2996626151584401], [-0.08843421129838189, -0.0727905974518847, -0.06433125546369156, -0.049331934463040863], [-0.6720248198417756, -0.48497653946954644, -0.41784835193010267, -0.3132682592682109], [-0.6914185428356586, -0.6042477523323364, -0.4839567056618179, -0.3517439598087608], [-0.36676005825063496, -0.33598721950494376, -0.26824375702512115, -0.1914827904931298], [0.10451976283494709, 0.0864000196025192, 0.0650548024426995, 0.05025452679247727]], "results_at_noise_errors": [[0.3242923349161316, 0.2420902274517599, 0.03281086030865969, 0.15452726682479476], [0.14251444171093466, 0.11000092820538449, 0.039401685642086993, 0.12747707590240048], [0.6670371070574181, 0.37341787528645315, 0.03411351973828319, 0.26810900570679697], [0.9916757388232097, 0.668876233547357, 0.029504022251180068, 0.360755561554228], [0.8385787934034523, 0.4803364471837488, 0.03518297017392153, 0.2591700444078177], [0.40798055596845784, 0.177053728714912, 0.04033572788612574, 0.1571318985703135], [1.1717358996980458, 0.5830493244712853, 0.03548906425033833, 0.3026348416968138], [1.6249363934784031, 0.8404598146217303, 0.034269559556377505, 0.3787392421440994], [1.1967124468530854, 0.5652789357980106, 0.03829271360688995, 0.26761764163526913], [0.6293918057534117, 0.2660554233174137, 0.03938130108767967, 0.18520103524525047], [1.666434392017997, 0.724154556014684, 0.037614014562299916, 0.2972335858899325], [2.1967472252336386, 0.8677506403331281, 0.0370996985487476, 0.3348416595978383], [1.5635694344259399, 0.5706290007041427, 0.038575163396616347, 0.2219238083217777], [1.0737169993846891, 0.3261709956351214, 0.04032748896763817, 0.15827722741830552]], "noisyresult": [0.6767578125, -0.005859375, -0.5712890625, -0.76513671875, -0.4921875, 0.05810546875, 0.5283203125, 0.65673828125, 0.43017578125, -0.04833984375, -0.36328125, -0.46923828125, -0.25830078125, 0.0859375], "res": [0.68896484375, -0.02978515625, -0.705078125, -0.955078125, -0.62060546875, 0.0703125, 0.6826171875, 0.8310546875, 0.50732421875, -0.0615234375, -0.5478515625, -0.6611328125, -0.388671875, 0.07958984375]}