{"results": [0.6969090015477891, -0.022481638807139135, -0.712643258043013, -0.9550377469155653, -0.618215499538092, 0.06342169552226201, 0.6679716206540034, 0.8490001922641394, 0.511536050260168, -0.08236284265916574, -0.5856566468841323, -0.6462762852487824, -0.3999874301482624, 0.09332995678555138], "results_errors": [[0.019338582327092717, -0.025571186238066763], [0.01139670264030335, 0.514015182330521], [0.07511299823353454, 0.10331407557910771], [0.16000453927832664, 0.1662811676885557], [0.10666590705549495, 0.1690795963611154], [0.03847214812099059, -0.6450376075283886], [0.1936844903750913, -0.28939200325495135], [0.31624077439346043, -0.3731245953200091], [0.16512764805986474, -0.3191771046830595], [0.06600490631658346, 0.878453305014774], [0.2838378167000408, 0.4926497873792148], [0.3048250235381873, 0.4847662430038271], [0.2190894311681456, 0.5483974453446578], [0.13477874912280585, -1.6773847822997956]], "results_at_noise": [[0.7028711869456536, 0.6838027906521251, 0.6786082613344756, 0.6608483832574638], [-0.02008520154561385, -0.020724460847473168, -0.01745737445718943, -0.013778523482419654], [-0.689705886752223, -0.6854154807175069, -0.6468739646389146, -0.5856450595232315], [-0.9482754282941886, -0.8910870777300559, -0.8455060655815875, -0.7476472792467028], [-0.5989293144395319, -0.5574603316297313, -0.5350990809455034, -0.4579038669214561], [0.06466253601360965, 0.05631635050432068, 0.048925005390578556, 0.039097514667522995], [0.6463124390650741, 0.5854587192890162, 0.5371798149764848, 0.43067122086886683], [0.8317754587730455, 0.7561401940649283, 0.660737668183651, 0.5207667089642567], [0.5332848259666952, 0.43442672983231534, 0.3927475383454575, 0.30511065455918696], [-0.08342724862572179, -0.06326266654939051, -0.06435041649085071, -0.04820818961513563], [-0.6417863555480302, -0.48678090868605406, -0.4190778663452881, -0.3110805279304249], [-0.5522024134970654, -0.5462366528857995, -0.48526792549590064, -0.36634358928196353], [-0.35585094795482475, -0.3460867047557413, -0.2691037227064209, -0.18579407459240518], [0.07592462169447736, 0.07683758648471052, 0.06456437896565093, 0.04808010373743423]], "results_at_noise_errors": [[0.31451555486117144, 0.23054756598417747, 0.03275295825966989, 0.14431901259781726], [0.1501397462902622, 0.10481994106876763, 0.039094465018158525, 0.1252196358311754], [0.6466172096870771, 0.3776717403167634, 0.03347452828923021, 0.269320348651426], [1.0019813604520427, 0.6094819832102473, 0.02998968515329587, 0.36199111935671563], [0.8196048147759194, 0.4822720738659617, 0.03553205116995964, 0.2783141395678014], [0.36027652930336174, 0.17200811627963683, 0.039918083895744826, 0.15548784071452812], [1.1427032563143051, 0.6055984525195075, 0.03671375800608793, 0.32716029919993966], [1.5918206443256429, 0.7860997655544433, 0.03418065424943442, 0.3839020376041209], [1.1536225018437498, 0.5596103257588473, 0.03773974734811929, 0.26329541492919795], [0.6317794975511815, 0.2651269330611729, 0.03968148010113824, 0.16877037207839082], [1.637189471811978, 0.7114903095122702, 0.03792390586040763, 0.29822239654687543], [2.1987718272592187, 0.8933571216394645, 0.036829423296853854, 0.3195601585071378], [1.5126035439293286, 0.5456231171216585, 0.039228328703375545, 0.22894626063206136], [0.9773771317673712, 0.3156562607939021, 0.04022475277178472, 0.16008971553099505]], "noisyresult": [0.6767578125, 0.01806640625, -0.55908203125, -0.80517578125, -0.5283203125, 0.0439453125, 0.52490234375, 0.666015625, 0.396484375, -0.05615234375, -0.36865234375, -0.43212890625, -0.2353515625, 0.09033203125], "res": [0.69287109375, -0.0322265625, -0.69677734375, -0.9560546875, -0.63232421875, 0.06103515625, 0.68017578125, 0.8486328125, 0.4951171875, -0.0556640625, -0.583984375, -0.66455078125, -0.40234375, 0.07177734375]}