{"results": [0.9990708371575503, 1.0096682394492973, 1.020109745380427, 1.013642520524295, 1.039407447992534, 1.0158800518049649, 1.034022633375294, 1.0226337270338581, 1.0073134841747955, 1.022216715920156, 1.0161477636615557, 1.0767219563072903, 1.0095950202498594, 1.0504774104980417], "results_errors": [[0.05009218935531567, -0.04118382795002104], [0.07875944083906275, -0.06701541619182867], [0.140049132579244, -0.12289473999710454], [0.10860782423452288, -0.09538209596322633], [0.18828713549029055, -0.17098730035415058], [0.18172175839172078, -0.1672720732222372], [0.25776166996061783, -0.2369784474894625], [0.24359117201913658, -0.2228395073979875], [0.18487138613518236, -0.17206899361627345], [0.30645068879316023, -0.28511226970488285], [0.2843247797310276, -0.2630787402648305], [0.5309053555341344, -0.46306120261708217], [0.3194622208235555, -0.29026759813364983], [0.4240190097949846, -0.3806789427690846]], "results_at_noise": [[1.0241208546048266, 0.9224042081524941, 0.9841581891880364, 0.9702817564795766], [1.2839018009707184, 0.9780114552153782, 0.9750657440915185, 0.9456873617257407], [1.2653351970131264, 0.8713398509901953, 0.9675067177877629, 0.9234403635006401], [0.3598157111800547, 1.2058351704672623, 0.9673081395813985, 0.9253376824046992], [1.3541749794924252, 1.3300600858172338, 0.9629344281626977, 0.8970435624138315], [1.2120221713281523, 1.0519318542996006, 0.9517399914231055, 0.8977988518718617], [1.0198130812537178, 1.9313680788462293, 0.9449797175974457, 0.8707471074199062], [0.6361682541037986, 0.5551668526010675, 0.9404936391865808, 0.8690373353521814], [-1.511319896986633, 1.9035367918954622, 0.9393877448935694, 0.8817714928749641], [-1.1344638469728112, 2.45506135115214, 0.9258418635216412, 0.8448857531920974], [-27.6058223325141, 1.0646953891929107, 0.9251047953116367, 0.8486044950148746], [31.198319808667218, 4.599966885263973, 0.9238524328559717, 0.8048714565861446], [37.81152013590895, 3.315292497422769, 0.9169947658412103, 0.8428807395676531], [-5.475215567096575, 2.8196503289985992, 0.911155096549838, 0.800794520488438]], "results_at_noise_errors": [[1.1934798290610742, 0.8421672940977057, 0.06730488877208525, 0.1306591767632796], [2.1852322578385714, 1.2327509584583525, 0.06820518651447578, 0.18349552222604948], [3.811481132207056, 1.7789432541069858, 0.0661300815380503, 0.24676247013701685], [6.47955219379367, 2.17243198642216, 0.06635423642461223, 0.236695706781512], [10.269701222929683, 2.835569979103976, 0.06677613590904376, 0.3408174141327538], [16.51431039579815, 3.8048840928460574, 0.06741250750737544, 0.29829567926352124], [26.395657441142507, 4.607436206772279, 0.07022811786369568, 0.3744519343440592], [42.22535899627069, 6.267066083271635, 0.0688136549301424, 0.3180151316059361], [67.44975989930435, 7.775525250074338, 0.06897189960276615, 0.2856520646236182], [108.2353494794986, 9.744797759312195, 0.06828845733658961, 0.39191995691894443], [170.77859406691618, 12.571620660592446, 0.06834965119997838, 0.35190893655821853], [274.1855578917213, 15.263669500313153, 0.06980860907968062, 0.43670956684990114], [441.39161879586743, 19.91450643462435, 0.06994346853142668, 0.30738939426098255], [707.7489009856411, 25.391624724202078, 0.0710997294740493, 0.3693970902441995]], "noisyresult": [0.78955078125, 0.5126953125, 0.2626953125, 0.16650390625, 0.29638671875, 0.51708984375, 0.681640625, 0.71337890625, 0.6435546875, 0.498046875, 0.3828125, 0.3515625, 0.41845703125, 0.5009765625], "res": [0.84521484375, 0.509765625, 0.13720703125, 0.02490234375, 0.20654296875, 0.529296875, 0.83935546875, 0.93115234375, 0.7607421875, 0.46435546875, 0.21484375, 0.16015625, 0.31982421875, 0.5478515625]}