{"results": [1.046826068885697], "results_errors": [0.011630942391827067], "results_at_noise": [[0.417982752694114, 0.7459561789784347, 0.9504882879533989, 0.9025390688289836]], "results_at_noise_errors": [[2.8346260712292155, 1.462078719199435, 0.00527795671943927, 0.22283166608468735]], "noisyresult": [0.474609375], "res": [0.474560546875]}